productId,buyerId,buyerName,buyerEval,buyerFeedback,buyerCountry,buyerGender,buyerHeadPortrait,evalDate,anonymous,images,logistics,thumbnail,skuInfo
32595591034,754007151,A*******r C.,100,отличные очки. купил на распродаже за 700 рублей.,RU,M,https://ae01.alicdn.com/kf/UT853U4XShXXXagOFbXW.jpg_220x220.jpg,13 Dec 2018,False,"['https://ae01.alicdn.com/kf/UTB83Uc5F5DEXKJk43Oqq6Az3XXas.jpg', 'https://ae01.alicdn.com/kf/UTB8c.g5F5DEXKJk43Oqq6Az3XXaZ.jpg', 'https://ae01.alicdn.com/kf/UTB8QbYymbPJXKJkSafSq6yqUXXad.jpg']",China Post Registered Air Mail,"['https://ae01.alicdn.com/kf/UTB83Uc5F5DEXKJk43Oqq6Az3XXas.jpg_220x220.jpg', 'https://ae01.alicdn.com/kf/UTB8c.g5F5DEXKJk43Oqq6Az3XXaZ.jpg_220x220.jpg', 'https://ae01.alicdn.com/kf/UTB8QbYymbPJXKJkSafSq6yqUXXad.jpg_220x220.jpg']",Color:black Ships From:China 
32595591034,1845926760,M****l K.,100,"Vandaag deze fietsbril ontvangen. Er zat precies 10 dagen tussen bestellen en ontvangen en dat mag dus een snelle service genoemd worden. Zeer complete uitrusting en prima kwaliteit voor een hele vriendelijke prijs. Morgen ga ik de bril voor het eerst gebruiken, maar ben nu al blij met deze aankoop.",NL,M,https://gw.alicdn.com/tps/TB1CjX4LXXXXXbSXFXXXXXXXXXX-240-240.png,04 Oct 2018,False,['https://ae01.alicdn.com/kf/UTB8sRIXDGrFXKJk43Ovq6ybnpXat.jpg'],AliExpress Standard Shipping,['https://ae01.alicdn.com/kf/UTB8sRIXDGrFXKJk43Ovq6ybnpXat.jpg_220x220.jpg'],Color:red Ships From:China 
32595591034,1646836761,A***r J.,100,Polecam. Towar zgodny z opisem.,PL,M,https://ae01.alicdn.com/kf/UTB8AVVxo4HEXKJk43Jeq6yeeXXan.jpg_220x220.jpg,31 Aug 2018,False,"['https://ae01.alicdn.com/kf/UTB8b6uLCwQydeJk43PUq6AyQpXaB.jpg', 'https://ae01.alicdn.com/kf/UTB86k4piT_IXKJkSalUq6yBzVXag.jpg', 'https://ae01.alicdn.com/kf/UTB8V3M9CFfFXKJk43Otq6xIPFXay.jpg']",SF eParcel,"['https://ae01.alicdn.com/kf/UTB8b6uLCwQydeJk43PUq6AyQpXaB.jpg_220x220.jpg', 'https://ae01.alicdn.com/kf/UTB86k4piT_IXKJkSalUq6yBzVXag.jpg_220x220.jpg', 'https://ae01.alicdn.com/kf/UTB8V3M9CFfFXKJk43Otq6xIPFXay.jpg_220x220.jpg']",Color:red Ships From:China 
32595591034,133710340,K******n K.,100,Okulary dotarły wszystko ok polecam sprzedawcę,PL,M,https://ae01.alicdn.com/kf/UTB8oU0OXD_IXKJkSalUq6yBzVXaq.jpg_220x220.jpg,09 Jan 2019,False,['https://ae01.alicdn.com/kf/UTB82wdMnn_IXKJkSalUq6yBzVXaU.jpg'],SF eParcel,['https://ae01.alicdn.com/kf/UTB82wdMnn_IXKJkSalUq6yBzVXaU.jpg_220x220.jpg'],Color:black Ships From:China 
32595591034,135729152,H*****n K.,100,가격 대비 제품이 아주 좋습니다. 100% 만족합니다. ,KR,M,https://ae01.alicdn.com/kf/UTB8Q8Mif5aMiuJk43PTq6ySmXXaR.jpg_220x220.jpg,17 Oct 2018,False,['https://ae01.alicdn.com/kf/UTB8w_oij9bIXKJkSaefq6yasXXaD.jpg'],China Post Registered Air Mail,['https://ae01.alicdn.com/kf/UTB8w_oij9bIXKJkSaefq6yasXXaD.jpg_220x220.jpg'],Color:blue Ships From:China 
32595591034,875102797,J*****i J.,100,Спасибо все дошло в лучшем виде)),UA,M,https://ae01.alicdn.com/kf/UT83CmLXZ4XXXagOFbXS.jpg_220x220.jpg,19 Sep 2018,False,['https://ae01.alicdn.com/kf/UTB8PbaFjbPJXKJkSafSq6yqUXXao.jpg'],SF eParcel,['https://ae01.alicdn.com/kf/UTB8PbaFjbPJXKJkSafSq6yqUXXao.jpg_220x220.jpg'],Color:blue Ships From:China 
32595591034,177872143,M****s S.,100,muito bom top adorei..vou comprar mais 2.,BR,M,https://ae01.alicdn.com/kf/UT8P9G3XAtaXXagOFbX4.jpg_220x220.jpg,20 Dec 2018,False,"['https://ae01.alicdn.com/kf/UTB86EeVmpPJXKJkSahVq6xyzFXaN.jpg', 'https://ae01.alicdn.com/kf/UTB8pSNYF8ahduJk43Jaq6zM8FXav.jpg']",AliExpress Standard Shipping,"['https://ae01.alicdn.com/kf/UTB86EeVmpPJXKJkSahVq6xyzFXaN.jpg_220x220.jpg', 'https://ae01.alicdn.com/kf/UTB8pSNYF8ahduJk43Jaq6zM8FXav.jpg_220x220.jpg']",Color:red Ships From:China 
32595591034,1768869319,F******k C.,100,Daño en el material dificultad para abrir y cerrar,CR,,https://ae01.alicdn.com/kf/UTB8_151eYPJXKJkSafSq6yqUXXaL.jpg_220x220.jpg,27 Sep 2018,False,['https://ae01.alicdn.com/kf/UTB8Y_9TjuvJXKJkSajhq6A7aFXas.jpg'],AliExpress Standard Shipping,['https://ae01.alicdn.com/kf/UTB8Y_9TjuvJXKJkSajhq6A7aFXas.jpg_220x220.jpg'],Color:black Ships From:China 
32595591034,,Покупатель AliExpress,100,fantastic,PT,M,,12 Feb 2019,True,['https://ae01.alicdn.com/kf/UTB8nUQbH0oSdeJk43Owq6ya4XXaG.jpg'],China Post Registered Air Mail,['https://ae01.alicdn.com/kf/UTB8nUQbH0oSdeJk43Owq6ya4XXaG.jpg_220x220.jpg'],Color:black Ships From:China 
32595591034,1868029799,F******k U.,100,"ótimo produto, entrega rápida!!!",BR,,https://ae01.alicdn.com/kf/UTB832OnmHnJXKJkSahGq6xhzFXaN.jpg_220x220.jpg,10 Jan 2019,False,['https://ae01.alicdn.com/kf/UTB8fKCzndnJXKJkSaiyq6AhwXXaB.jpg'],AliExpress Standard Shipping,['https://ae01.alicdn.com/kf/UTB8fKCzndnJXKJkSaiyq6AhwXXaB.jpg_220x220.jpg'],Color:black Ships From:China 
32595591034,1619510925,F******k U.,100,buen producto,MX,M,https://ae01.alicdn.com/kf/UTB8w01syMQydeJk43PUq6AyQpXar.jpg_220x220.jpg,11 Sep 2018,False,"['https://ae01.alicdn.com/kf/UTB8.rXYDmnEXKJk43Ubq6zLppXa9.jpg', 'https://ae01.alicdn.com/kf/UTB8y.GJi9bIXKJkSaefq6yasXXaf.jpg']",China Post Registered Air Mail,"['https://ae01.alicdn.com/kf/UTB8.rXYDmnEXKJk43Ubq6zLppXa9.jpg_220x220.jpg', 'https://ae01.alicdn.com/kf/UTB8y.GJi9bIXKJkSaefq6yasXXaf.jpg_220x220.jpg']",Color:red Ships From:China 
32595591034,163481296,A***r Z.,100,очки отличные,RU,M,https://ae01.alicdn.com/kf/UTB8IyiOlo_4iuJk43Fqq6z.FpXaT.jpg_220x220.jpg,30 Oct 2018,False,"['https://ae01.alicdn.com/kf/UTB8h_lzENHEXKJk43Jeq6yeeXXax.jpg', 'https://ae01.alicdn.com/kf/UTB8ba0hESnEXKJk43Ubq6zLppXae.jpg', 'https://ae01.alicdn.com/kf/UTB8hPoxkCbIXKJkSaefq6yasXXaU.jpg']",AliExpress Standard Shipping,"['https://ae01.alicdn.com/kf/UTB8h_lzENHEXKJk43Jeq6yeeXXax.jpg_220x220.jpg', 'https://ae01.alicdn.com/kf/UTB8ba0hESnEXKJk43Ubq6zLppXae.jpg_220x220.jpg', 'https://ae01.alicdn.com/kf/UTB8hPoxkCbIXKJkSaefq6yasXXaU.jpg_220x220.jpg']",Color:red Ships From:China 
32595591034,176297025,M****l A.,100,شكراً للتاجر,SA,M,https://ae01.alicdn.com/kf/UT8mByMXsJbXXagOFbX3.jpg_220x220.jpg,02 Nov 2018,False,['https://ae01.alicdn.com/kf/UTB8btqJkTzIXKJkSafVq6yWgXXaZ.jpg'],Aliexpress Direct,['https://ae01.alicdn.com/kf/UTB8btqJkTzIXKJkSafVq6yWgXXaZ.jpg_220x220.jpg'],Color:black Ships From:China 
32595591034,1632554955,Br T.,100,Idêntico a foto,BR,F,https://gw.alicdn.com/tps/TB1zA01LXXXXXc0XFXXXXXXXXXX-240-240.png,07 Jan 2019,False,"['https://ae01.alicdn.com/kf/UTB8fpU_mYPJXKJkSafSq6yqUXXaI.jpg', 'https://ae01.alicdn.com/kf/UTB8Umg6m__IXKJkSalUq6yBzVXaY.jpg']",AliExpress Standard Shipping,"['https://ae01.alicdn.com/kf/UTB8fpU_mYPJXKJkSafSq6yqUXXaI.jpg_220x220.jpg', 'https://ae01.alicdn.com/kf/UTB8Umg6m__IXKJkSalUq6yBzVXaY.jpg_220x220.jpg']",Color:red Ships From:China 
32595591034,904312199,O****j Z.,100,As usual goods arrived in time and in good quality.,CZ,M,https://ae01.alicdn.com/kf/UTB8OqGpchHEXKJk43Jeq6yeeXXaz.jpg_220x220.jpg,06 Feb 2019,False,,China Post Registered Air Mail,,Color:black Ships From:China 
32595591034,706398068,S***h A.,100,nice sunglasses ,KW,M,https://ae01.alicdn.com/kf/UTB8iRYsDGrFXKJk43Ovq6ybnpXaH.jpg_220x220.jpg,17 Dec 2018,False,"['https://ae01.alicdn.com/kf/UTB8fOSJGhHEXKJk43Jeq6yeeXXaw.jpg', 'https://ae01.alicdn.com/kf/UTB8dj7nFRahduJk43Jaq6zM8FXaT.jpg']",AliExpress Standard Shipping,"['https://ae01.alicdn.com/kf/UTB8fOSJGhHEXKJk43Jeq6yeeXXaw.jpg_220x220.jpg', 'https://ae01.alicdn.com/kf/UTB8dj7nFRahduJk43Jaq6zM8FXaT.jpg_220x220.jpg']",Color:black Ships From:China 
32595591034,144119419,Y***y V.,100,"В Питер дошло с момента оплаты заказа (20.01.2019) за 23 дня (12.02.2019) правда продавец отправил заказ 26.01.2019. Очки неплохие за свои деньги. Жаль только пляризационная линза только одна. Но теперь мне как очкарику будет комфортно катать в солнечную погоду, так как в комплекте идет вставка под линзы с диоптриями.",RU,M,https://gw.alicdn.com/tps/TB1CjX4LXXXXXbSXFXXXXXXXXXX-240-240.png,12 Feb 2019,False,,Posti Finland,,Color:blue Ships From:China 
32595591034,101984000,G****t V.,100,"Поразил богатый комплект - твердый чехол, несколько разных стекол, тряпочка, резинка на голову, веровка",RU,M,https://gw.alicdn.com/tps/TB1CjX4LXXXXXbSXFXXXXXXXXXX-240-240.png,20 Sep 2018,False,,AliExpress Standard Shipping,,Color:red Ships From:China 
32595591034,,Покупатель AliExpress,80,"доставка до самары 11.11- 10.12. Очки хорошие, смотрятся классно, но отмечу один недостаток. Попытался поменять дужки на ремешок так не смог снять, и кнопку жал и провернуть пытался - дужка немного сдвигается, но не вытаскивается.",RU,,,17 Dec 2018,True,['https://ae01.alicdn.com/kf/UTB8fROLGXfFXKJk43Otq6xIPFXaP.jpg'],China Post Registered Air Mail,['https://ae01.alicdn.com/kf/UTB8fROLGXfFXKJk43Otq6xIPFXaP.jpg_220x220.jpg'],Color:blue Ships From:China 
32595591034,184613823,J***o A.,100,Rápido y como se anuncia.Mejor no desmontar las patillas.,ES,M,https://ae01.alicdn.com/kf/UTB8uGvajwnJXKJkSaelq6xUzXXaZ.jpg_220x220.jpg,24 Sep 2018,False,,AliExpress Standard Shipping,,Color:blue Ships From:China 
32595591034,754007151,A*******r C.,100,отличные очки. купил на распродаже за 700 рублей.,RU,M,https://ae01.alicdn.com/kf/UT853U4XShXXXagOFbXW.jpg_220x220.jpg,13 Dec 2018,False,"['https://ae01.alicdn.com/kf/UTB83Uc5F5DEXKJk43Oqq6Az3XXas.jpg', 'https://ae01.alicdn.com/kf/UTB8c.g5F5DEXKJk43Oqq6Az3XXaZ.jpg', 'https://ae01.alicdn.com/kf/UTB8QbYymbPJXKJkSafSq6yqUXXad.jpg']",China Post Registered Air Mail,"['https://ae01.alicdn.com/kf/UTB83Uc5F5DEXKJk43Oqq6Az3XXas.jpg_220x220.jpg', 'https://ae01.alicdn.com/kf/UTB8c.g5F5DEXKJk43Oqq6Az3XXaZ.jpg_220x220.jpg', 'https://ae01.alicdn.com/kf/UTB8QbYymbPJXKJkSafSq6yqUXXad.jpg_220x220.jpg']",Color:black Ships From:China 
32595591034,1845926760,M****l K.,100,"Vandaag deze fietsbril ontvangen. Er zat precies 10 dagen tussen bestellen en ontvangen en dat mag dus een snelle service genoemd worden. Zeer complete uitrusting en prima kwaliteit voor een hele vriendelijke prijs. Morgen ga ik de bril voor het eerst gebruiken, maar ben nu al blij met deze aankoop.",NL,M,https://gw.alicdn.com/tps/TB1CjX4LXXXXXbSXFXXXXXXXXXX-240-240.png,04 Oct 2018,False,['https://ae01.alicdn.com/kf/UTB8sRIXDGrFXKJk43Ovq6ybnpXat.jpg'],AliExpress Standard Shipping,['https://ae01.alicdn.com/kf/UTB8sRIXDGrFXKJk43Ovq6ybnpXat.jpg_220x220.jpg'],Color:red Ships From:China 
32595591034,1646836761,A***r J.,100,Polecam. Towar zgodny z opisem.,PL,M,https://ae01.alicdn.com/kf/UTB8AVVxo4HEXKJk43Jeq6yeeXXan.jpg_220x220.jpg,31 Aug 2018,False,"['https://ae01.alicdn.com/kf/UTB8b6uLCwQydeJk43PUq6AyQpXaB.jpg', 'https://ae01.alicdn.com/kf/UTB86k4piT_IXKJkSalUq6yBzVXag.jpg', 'https://ae01.alicdn.com/kf/UTB8V3M9CFfFXKJk43Otq6xIPFXay.jpg']",SF eParcel,"['https://ae01.alicdn.com/kf/UTB8b6uLCwQydeJk43PUq6AyQpXaB.jpg_220x220.jpg', 'https://ae01.alicdn.com/kf/UTB86k4piT_IXKJkSalUq6yBzVXag.jpg_220x220.jpg', 'https://ae01.alicdn.com/kf/UTB8V3M9CFfFXKJk43Otq6xIPFXay.jpg_220x220.jpg']",Color:red Ships From:China 
32595591034,133710340,K******n K.,100,Okulary dotarły wszystko ok polecam sprzedawcę,PL,M,https://ae01.alicdn.com/kf/UTB8oU0OXD_IXKJkSalUq6yBzVXaq.jpg_220x220.jpg,09 Jan 2019,False,['https://ae01.alicdn.com/kf/UTB82wdMnn_IXKJkSalUq6yBzVXaU.jpg'],SF eParcel,['https://ae01.alicdn.com/kf/UTB82wdMnn_IXKJkSalUq6yBzVXaU.jpg_220x220.jpg'],Color:black Ships From:China 
32595591034,135729152,H*****n K.,100,가격 대비 제품이 아주 좋습니다. 100% 만족합니다. ,KR,M,https://ae01.alicdn.com/kf/UTB8Q8Mif5aMiuJk43PTq6ySmXXaR.jpg_220x220.jpg,17 Oct 2018,False,['https://ae01.alicdn.com/kf/UTB8w_oij9bIXKJkSaefq6yasXXaD.jpg'],China Post Registered Air Mail,['https://ae01.alicdn.com/kf/UTB8w_oij9bIXKJkSaefq6yasXXaD.jpg_220x220.jpg'],Color:blue Ships From:China 
32595591034,875102797,J*****i J.,100,Спасибо все дошло в лучшем виде)),UA,M,https://ae01.alicdn.com/kf/UT83CmLXZ4XXXagOFbXS.jpg_220x220.jpg,19 Sep 2018,False,['https://ae01.alicdn.com/kf/UTB8PbaFjbPJXKJkSafSq6yqUXXao.jpg'],SF eParcel,['https://ae01.alicdn.com/kf/UTB8PbaFjbPJXKJkSafSq6yqUXXao.jpg_220x220.jpg'],Color:blue Ships From:China 
32595591034,177872143,M****s S.,100,muito bom top adorei..vou comprar mais 2.,BR,M,https://ae01.alicdn.com/kf/UT8P9G3XAtaXXagOFbX4.jpg_220x220.jpg,20 Dec 2018,False,"['https://ae01.alicdn.com/kf/UTB86EeVmpPJXKJkSahVq6xyzFXaN.jpg', 'https://ae01.alicdn.com/kf/UTB8pSNYF8ahduJk43Jaq6zM8FXav.jpg']",AliExpress Standard Shipping,"['https://ae01.alicdn.com/kf/UTB86EeVmpPJXKJkSahVq6xyzFXaN.jpg_220x220.jpg', 'https://ae01.alicdn.com/kf/UTB8pSNYF8ahduJk43Jaq6zM8FXav.jpg_220x220.jpg']",Color:red Ships From:China 
32595591034,1768869319,F******k C.,100,Daño en el material dificultad para abrir y cerrar,CR,,https://ae01.alicdn.com/kf/UTB8_151eYPJXKJkSafSq6yqUXXaL.jpg_220x220.jpg,27 Sep 2018,False,['https://ae01.alicdn.com/kf/UTB8Y_9TjuvJXKJkSajhq6A7aFXas.jpg'],AliExpress Standard Shipping,['https://ae01.alicdn.com/kf/UTB8Y_9TjuvJXKJkSajhq6A7aFXas.jpg_220x220.jpg'],Color:black Ships From:China 
32595591034,,Покупатель AliExpress,100,fantastic,PT,M,,12 Feb 2019,True,['https://ae01.alicdn.com/kf/UTB8nUQbH0oSdeJk43Owq6ya4XXaG.jpg'],China Post Registered Air Mail,['https://ae01.alicdn.com/kf/UTB8nUQbH0oSdeJk43Owq6ya4XXaG.jpg_220x220.jpg'],Color:black Ships From:China 
32595591034,1868029799,F******k U.,100,"ótimo produto, entrega rápida!!!",BR,,https://ae01.alicdn.com/kf/UTB832OnmHnJXKJkSahGq6xhzFXaN.jpg_220x220.jpg,10 Jan 2019,False,['https://ae01.alicdn.com/kf/UTB8fKCzndnJXKJkSaiyq6AhwXXaB.jpg'],AliExpress Standard Shipping,['https://ae01.alicdn.com/kf/UTB8fKCzndnJXKJkSaiyq6AhwXXaB.jpg_220x220.jpg'],Color:black Ships From:China 
32595591034,1619510925,F******k U.,100,buen producto,MX,M,https://ae01.alicdn.com/kf/UTB8w01syMQydeJk43PUq6AyQpXar.jpg_220x220.jpg,11 Sep 2018,False,"['https://ae01.alicdn.com/kf/UTB8.rXYDmnEXKJk43Ubq6zLppXa9.jpg', 'https://ae01.alicdn.com/kf/UTB8y.GJi9bIXKJkSaefq6yasXXaf.jpg']",China Post Registered Air Mail,"['https://ae01.alicdn.com/kf/UTB8.rXYDmnEXKJk43Ubq6zLppXa9.jpg_220x220.jpg', 'https://ae01.alicdn.com/kf/UTB8y.GJi9bIXKJkSaefq6yasXXaf.jpg_220x220.jpg']",Color:red Ships From:China 
32595591034,163481296,A***r Z.,100,очки отличные,RU,M,https://ae01.alicdn.com/kf/UTB8IyiOlo_4iuJk43Fqq6z.FpXaT.jpg_220x220.jpg,30 Oct 2018,False,"['https://ae01.alicdn.com/kf/UTB8h_lzENHEXKJk43Jeq6yeeXXax.jpg', 'https://ae01.alicdn.com/kf/UTB8ba0hESnEXKJk43Ubq6zLppXae.jpg', 'https://ae01.alicdn.com/kf/UTB8hPoxkCbIXKJkSaefq6yasXXaU.jpg']",AliExpress Standard Shipping,"['https://ae01.alicdn.com/kf/UTB8h_lzENHEXKJk43Jeq6yeeXXax.jpg_220x220.jpg', 'https://ae01.alicdn.com/kf/UTB8ba0hESnEXKJk43Ubq6zLppXae.jpg_220x220.jpg', 'https://ae01.alicdn.com/kf/UTB8hPoxkCbIXKJkSaefq6yasXXaU.jpg_220x220.jpg']",Color:red Ships From:China 
32595591034,176297025,M****l A.,100,شكراً للتاجر,SA,M,https://ae01.alicdn.com/kf/UT8mByMXsJbXXagOFbX3.jpg_220x220.jpg,02 Nov 2018,False,['https://ae01.alicdn.com/kf/UTB8btqJkTzIXKJkSafVq6yWgXXaZ.jpg'],Aliexpress Direct,['https://ae01.alicdn.com/kf/UTB8btqJkTzIXKJkSafVq6yWgXXaZ.jpg_220x220.jpg'],Color:black Ships From:China 
32595591034,1632554955,Br T.,100,Idêntico a foto,BR,F,https://gw.alicdn.com/tps/TB1zA01LXXXXXc0XFXXXXXXXXXX-240-240.png,07 Jan 2019,False,"['https://ae01.alicdn.com/kf/UTB8fpU_mYPJXKJkSafSq6yqUXXaI.jpg', 'https://ae01.alicdn.com/kf/UTB8Umg6m__IXKJkSalUq6yBzVXaY.jpg']",AliExpress Standard Shipping,"['https://ae01.alicdn.com/kf/UTB8fpU_mYPJXKJkSafSq6yqUXXaI.jpg_220x220.jpg', 'https://ae01.alicdn.com/kf/UTB8Umg6m__IXKJkSalUq6yBzVXaY.jpg_220x220.jpg']",Color:red Ships From:China 
32595591034,904312199,O****j Z.,100,As usual goods arrived in time and in good quality.,CZ,M,https://ae01.alicdn.com/kf/UTB8OqGpchHEXKJk43Jeq6yeeXXaz.jpg_220x220.jpg,06 Feb 2019,False,,China Post Registered Air Mail,,Color:black Ships From:China 
32595591034,706398068,S***h A.,100,nice sunglasses ,KW,M,https://ae01.alicdn.com/kf/UTB8iRYsDGrFXKJk43Ovq6ybnpXaH.jpg_220x220.jpg,17 Dec 2018,False,"['https://ae01.alicdn.com/kf/UTB8fOSJGhHEXKJk43Jeq6yeeXXaw.jpg', 'https://ae01.alicdn.com/kf/UTB8dj7nFRahduJk43Jaq6zM8FXaT.jpg']",AliExpress Standard Shipping,"['https://ae01.alicdn.com/kf/UTB8fOSJGhHEXKJk43Jeq6yeeXXaw.jpg_220x220.jpg', 'https://ae01.alicdn.com/kf/UTB8dj7nFRahduJk43Jaq6zM8FXaT.jpg_220x220.jpg']",Color:black Ships From:China 
32595591034,144119419,Y***y V.,100,"В Питер дошло с момента оплаты заказа (20.01.2019) за 23 дня (12.02.2019) правда продавец отправил заказ 26.01.2019. Очки неплохие за свои деньги. Жаль только пляризационная линза только одна. Но теперь мне как очкарику будет комфортно катать в солнечную погоду, так как в комплекте идет вставка под линзы с диоптриями.",RU,M,https://gw.alicdn.com/tps/TB1CjX4LXXXXXbSXFXXXXXXXXXX-240-240.png,12 Feb 2019,False,,Posti Finland,,Color:blue Ships From:China 
32595591034,101984000,G****t V.,100,"Поразил богатый комплект - твердый чехол, несколько разных стекол, тряпочка, резинка на голову, веровка",RU,M,https://gw.alicdn.com/tps/TB1CjX4LXXXXXbSXFXXXXXXXXXX-240-240.png,20 Sep 2018,False,,AliExpress Standard Shipping,,Color:red Ships From:China 
32595591034,,Покупатель AliExpress,80,"доставка до самары 11.11- 10.12. Очки хорошие, смотрятся классно, но отмечу один недостаток. Попытался поменять дужки на ремешок так не смог снять, и кнопку жал и провернуть пытался - дужка немного сдвигается, но не вытаскивается.",RU,,,17 Dec 2018,True,['https://ae01.alicdn.com/kf/UTB8fROLGXfFXKJk43Otq6xIPFXaP.jpg'],China Post Registered Air Mail,['https://ae01.alicdn.com/kf/UTB8fROLGXfFXKJk43Otq6xIPFXaP.jpg_220x220.jpg'],Color:blue Ships From:China 
32595591034,184613823,J***o A.,100,Rápido y como se anuncia.Mejor no desmontar las patillas.,ES,M,https://ae01.alicdn.com/kf/UTB8uGvajwnJXKJkSaelq6xUzXXaZ.jpg_220x220.jpg,24 Sep 2018,False,,AliExpress Standard Shipping,,Color:blue Ships From:China 
32595591034,,Покупатель AliExpress,100,المنتج ممتاز,EG,M,,11 Oct 2018,True,"['https://ae01.alicdn.com/kf/UTB8aMu3DWrFXKJk43Ovq6ybnpXat.jpg', 'https://ae01.alicdn.com/kf/UTB8VVQrjSbIXKJkSaefq6yasXXay.jpg']",AliExpress Standard Shipping,"['https://ae01.alicdn.com/kf/UTB8aMu3DWrFXKJk43Ovq6ybnpXat.jpg_220x220.jpg', 'https://ae01.alicdn.com/kf/UTB8VVQrjSbIXKJkSaefq6yasXXay.jpg_220x220.jpg']",Color:blue Ships From:China 
32595591034,795001007,M*. S.,100,Очки хорошие. Только одни линзы поляризованные. Остальные просто светофильтр. Прочные и удобные.,RU,,https://ae01.alicdn.com/kf/UT824FpXR0aXXagOFbXr.jpg_220x220.jpg,26 Sep 2018,False,,China Post Registered Air Mail,,Color:blue Ships From:China 
32595591034,,Покупатель AliExpress,100,"хороший набор, брал для езды днём. как защита от грязи, и осадков.
ночью темновато доже в прозрачных очках так как они немного с жолтые.
а в остальном нормально, полярики только на чёрных . 
цена качество очень хорошее.",RU,M,,02 Jan 2019,True,,AliExpress Standard Shipping,,Color:blue Ships From:China 
32595591034,1679226135,G****e L.,100,gooood,KR,M,https://ae01.alicdn.com/kf/UTB8RgwvyBahduJk43Jaq6zM8FXa9.jpg_220x220.jpg,06 Sep 2018,False,['https://ae01.alicdn.com/kf/UTB8nXnWC4HEXKJk43Jeq6yeeXXax.jpg'],China Post Registered Air Mail,['https://ae01.alicdn.com/kf/UTB8nXnWC4HEXKJk43Jeq6yeeXXax.jpg_220x220.jpg'],Color:red Ships From:China 
32595591034,820766275,R*k S.,100,vert nice product. glasses could be better. but gonna use this for baseball!,NL,M,https://ae01.alicdn.com/kf/UTB8AlyKi5DEXKJk43Oqq6Az3XXaA.jpg_220x220.jpg,11 Oct 2018,False,,AliExpress Standard Shipping,,Color:blue Ships From:China 
32595591034,842616294,F****n G.,100,excelentes gafas... ya he comprado dos y son de muy buena calidad y bonitas,CO,,https://ae01.alicdn.com/kf/UT8dwrEXNFaXXagOFbX7.jpg_220x220.jpg,12 Dec 2018,False,,AliExpress Standard Shipping,,Color:blue Ships From:China 
32595591034,898563977,S****o S.,100,"За эти деньги-подорок.Качество
-супер.Доставка-30дней.Посылка отслеживалась на всем протяжении.",RU,M,https://ae01.alicdn.com/kf/UTB8bYptXSnEXKJk43Ubq6zLppXam.jpg_220x220.jpg,12 Dec 2018,False,,Posti Finland,,Color:black Ships From:China 
32595591034,,Покупатель AliExpress,100,"Igual a la descripción.
Recibido a los 15 días.
Es un regalo, falta probarlos.",CL,,,29 Nov 2018,True,,AliExpress Standard Shipping,,Color:black Ships From:China 
32595591034,769698217,C****e S.,100,correspond au descriptif....belle boîte de protection,FR,,,07 Nov 2018,False,,AliExpress Standard Shipping,,Color:blue Ships From:China 
32595591034,1763476287,S****n N.,100,"Excellent quality, very fast delivery. I'm very satisfied with the product.",SRB,,,22 Oct 2018,False,,China Post Registered Air Mail,,Color:black Ships From:China 
32595591034,707439570,D***o S.,100,Gafas muy bonitas y de aceptable calidad. Las aconsejo. El envío muy rápido.,ES,M,https://ae01.alicdn.com/kf/UTB8r0k7jHPJXKJkSafSq6yqUXXa7.jpg_220x220.jpg,24 Oct 2018,False,,AliExpress Standard Shipping,,Color:black Ships From:China 
32595591034,867235695,O**g S.,80,тест не работает а так всё О'кей,RU,M,https://ae01.alicdn.com/kf/UT8qZ4YXVBaXXagOFbXQ.jpg_220x220.jpg,21 Dec 2018,False,"['https://ae01.alicdn.com/kf/UTB8Znu7mrnJXKJkSahGq6xhzFXaN.jpg', 'https://ae01.alicdn.com/kf/UTB8oYKuF0oSdeJk43Owq6ya4XXa9.jpg', 'https://ae01.alicdn.com/kf/UTB8sAO.mtnJXKJkSaiyq6AhwXXaO.jpg']",China Post Registered Air Mail,"['https://ae01.alicdn.com/kf/UTB8Znu7mrnJXKJkSahGq6xhzFXaN.jpg_220x220.jpg', 'https://ae01.alicdn.com/kf/UTB8oYKuF0oSdeJk43Owq6ya4XXa9.jpg_220x220.jpg', 'https://ae01.alicdn.com/kf/UTB8sAO.mtnJXKJkSaiyq6AhwXXaO.jpg_220x220.jpg']",Color:blue Ships From:China 
32595591034,1628116076,V******r Z.,100,"Хорошее толковое описание, внимательный продавец, быстро обработал и отправил. Нормальные очки за свои деньги. Поляризованная вставка одна, о чём и написано. Рекомендую продавца и товар.",RU,,,14 Sep 2018,False,,China Post Registered Air Mail,,Color:black Ships From:China 
32595591034,778232839,E*i G.,100,Muy buenos. Los recomiendo. Se demora 3 meses y vendedor me extendió el tiempo envío ,AR,F,https://ae01.alicdn.com/kf/UT8FDLOXqJaXXagOFbXV.jpg_220x220.jpg,16 Nov 2018,False,,China Post Registered Air Mail,,Color:red Ships From:China 
32595591034,762362653,A****w S.,100,"очки сидят хорошо, но некоторым могут быть немного широковаты, учитывайте это при заказе",RU,,,12 Jan 2019,False,,Posti Finland,,Color:blue Ships From:China 
32595591034,1751652340,S***a F.,100,Спасибо продавцу за заказ! Заказ пришел до Ростовской области за 20 дней - очень быстро! Качество как всегда на высоте! Остался доволен.,CZ,,,27 Jan 2019,False,,Posti Finland,,Color:blue Ships From:China 
32595591034,882624090,E*****i B.,100,Отличный комплект! Быстрая доставка! Продавца и товар рекомендую!,UA,M,https://gw.alicdn.com/tps/TB1CjX4LXXXXXbSXFXXXXXXXXXX-240-240.png,02 Dec 2018,False,,SF eParcel,,Color:blue Ships From:China 
32595591034,,Покупатель AliExpress,100,"Всё просто супер !!!!!))))
Рекомендую продавца , доставка быстрая !!!!)",BY,M,,19 Nov 2018,True,,China Post Registered Air Mail,,Color:red Ships From:China 
32595591034,199540490,A******h E.,100,Items received as described. Fast shipping too. Very satisfied!,SG,M,https://ae01.alicdn.com/kf/UTB8EIa6sJoSdeJk43Owq6ya4XXaP.jpg_220x220.jpg,15 Jan 2019,False,,AliExpress Standard Shipping,,Color:black Ships From:China 
32595591034,168224996,A****a G.,100,"perfeito, entrega muito rápida, conforme descrição, satisfeita",BR,,,22 Nov 2018,False,,AliExpress Standard Shipping,,Color:red Ships From:China 
32595591034,834035171,R****n S.,100,"Брал для велопоездок и рыбалки. качество набора очень хорошее, крепление линз в оправе простое и надежное, богатая комплектация. Сразу же отправили и быстро доставили, трек отслеживается только по Китаю Доволен покупкой",UA,M,https://ae01.alicdn.com/kf/UTB8g91dIiDEXKJk43Oqq6Az3XXa0.jpg_220x220.jpg,12 Sep 2018,False,,ePacket,,Color:blue Ships From:China 
32595591034,141571657,M****s R.,100,"Exelente produto, de qualidade e veio certinho, recomendo o vendedor e o produto",BR,M,https://ae01.alicdn.com/kf/UT8MxUzXzFaXXagOFbXn.jpg_220x220.jpg,05 Sep 2018,False,,AliExpress Standard Shipping,,Color:red Ships From:China 
32595591034,185198056,A A.,100,"Yo diria que hasta mas bonitos en persona, gracias.",PE,M,https://gw.alicdn.com/tps/TB1CjX4LXXXXXbSXFXXXXXXXXXX-240-240.png,26 Sep 2018,False,,AliExpress Standard Shipping,,Color:blue Ships From:China 
32595591034,140872738,D***d P.,100,Great product. As described. I recommend the product and the seller.,BR,M,https://ae01.alicdn.com/kf/UTB8eLQZCiaMiuJk43PTq6ySmXXaW.jpg_220x220.jpg,18 Sep 2018,False,,AliExpress Standard Shipping,,Color:black Ships From:China 
32595591034,192823375,M****a S.,100,Produto otimo super embalado top super recomendo veio certinho podem comprar.,BR,F,https://ae01.alicdn.com/kf/UTB8ID_bj0nJXKJkSaiyq6AhwXXak.jpg_220x220.jpg,10 Dec 2018,False,,AliExpress Standard Shipping,,Color:blue Ships From:China 
32595591034,835396276,S****y P.,100,"Спасибо, заказ в Ялту пришел за 12 дней, товар полностью соответствует описанию. Рекомендую продавца, буду еще заказывать. В процессе эксплуатации дополню отзыв.",RU,M,https://ae01.alicdn.com/kf/UTB8LSEWh_zIXKJkSafVq6yWgXXap.jpg_220x220.jpg,17 Sep 2018,False,,ePacket,,Color:black Ships From:China 
32595591034,181677472,J**y F.,100,"Muito satisfeita, chegou em perfeitas condições e bem embalado. Nota 10, Chegou em 25 dias da compra até a entrega.",BR,F,https://ae01.alicdn.com/kf/UTB8MEyuXXfJXKJkSamHq6zLyVXaU.jpg_220x220.jpg,28 Nov 2018,False,,AliExpress Standard Shipping,,Color:black Ships From:China 
32595591034,1649301694,S*******n T.,100,"se ven de muy buena calidad, todo en perfecto orden, envío muy rápido, 9 días tardo en llegar a Chile, recomiendo totalmente los lentes!",US,,,03 Jan 2019,False,,AliExpress Standard Shipping,,Color:blue Ships From:China 
32595591034,1815767359,E***a S.,100,Спасибо большое за очки и доставку! Все замечательно!,RU,,https://ae01.alicdn.com/kf/UTB8iZUMBJoSdeJk43Owq6ya4XXag.jpg_220x220.jpg,14 Nov 2018,False,,China Post Registered Air Mail,,Color:black Ships From:China 
32595591034,1853466055,R*****o R.,100,"adorei, muito bom e muito fácil de trocar as lentes, para
 trocar as hastes já achei um pouco mais difícil, tem uma pressão forte do encaixe, ainda não peguei o jeito.
indico sim, muito bom!",BR,,https://ae01.alicdn.com/kf/UTB8BNV9jSbIXKJkSaefq6yasXXah.jpg_220x220.jpg,04 Dec 2018,False,,AliExpress Standard Shipping,,Color:blue Ships From:China 
32595591034,171757858,L*****o L.,100,excelente muito top de altíssima qualidade recomendo a todos,US,M,https://ae01.alicdn.com/kf/UT8g7HjXWJbXXagOFbXS.jpg_220x220.jpg,05 Nov 2018,False,,AliExpress Standard Shipping,,Color:blue Ships From:China 
32595591034,1622858420,J***n M.,100,"Amazing packing, fast delivery and product as described. Recommend this seller in totality.",IN,,https://ae01.alicdn.com/kf/UTB8ZhPOc0nJXKJkSaiyq6AhwXXav.jpg_220x220.jpg,15 Oct 2018,False,,China Post Registered Air Mail,,Color:red Ships From:China 
32595591034,1845910743,V****y P.,100,"Товар пришел. Комплектация и качество как положено хорошие. Пока не пользовался, но сидят хорошо.",BY,M,https://ae01.alicdn.com/kf/UTB8Ufjqn9bIXKJkSaefq6yasXXaL.jpg_220x220.jpg,14 Nov 2018,False,,China Post Registered Air Mail,,Color:red Ships From:China 
32595591034,,Покупатель AliExpress,100,"Прекрасный продавец. Спасибо за хороший, качественный товар!",BY,F,,08 Sep 2018,True,,China Post Registered Air Mail,,Color:red Ships From:China 
32595591034,,Покупатель AliExpress,100,"13 dias y en mi casa todo perfecto.
Buen vendedor,  gracias.
No recomiendo al vendedor ZOLIBIKE, no hay manera de solucionar ningún trámite con ellos y aún sigo esperando un pedido",ES,,,26 Nov 2018,True,,AliExpress Standard Shipping,,Color:black Ships From:China 
32595591034,1876907089,E***a P.,100,очки  отличные.доставка 14 дней.советую продавца и очки.,UA,,,02 Dec 2018,False,,SF eParcel,,Color:blue Ships From:China 
32595591034,838428214,P***o G.,80,Buen producto! A cumplido mis expectativas,AR,,https://ae01.alicdn.com/kf/UTB8tal8iE_4iuJk43Fqq6z.FpXaH.jpg_220x220.jpg,02 Sep 2018,False,['https://ae01.alicdn.com/kf/UTB8TFxTC5DEXKJk43Oqq6Az3XXat.jpg'],China Post Registered Air Mail,['https://ae01.alicdn.com/kf/UTB8TFxTC5DEXKJk43Oqq6Az3XXat.jpg_220x220.jpg'],Color:black Ships From:China 
32595591034,189067693,A***l A.,100,отлично. качество радует. быстрая доставка!,KZ,M,https://ae01.alicdn.com/kf/UTB8_v2jx._4iuJk43Fqq6z.FpXaT.jpg_220x220.jpg,16 Sep 2018,False,,China Post Registered Air Mail,,Color:blue Ships From:China 
32595591034,1630024690,J****a C.,100,Sehr gute Brille. Passt perfekt.,DE,F,https://ae01.alicdn.com/kf/UTB8h9kxA8ahduJk43Jaq6zM8FXaM.jpg_220x220.jpg,26 Oct 2018,False,,China Post Registered Air Mail,,Color:black Ships From:China 
32595591034,914695337,T***o S.,100,muito bom o produto....,BR,,,21 Feb 2019,False,,ePacket,,Color:black Ships From:China 
32595591034,776374989,P***r Z.,100,"OK, A bit not a comfortable nose for me, too hard.",PL,M,https://gw.alicdn.com/tps/TB1CjX4LXXXXXbSXFXXXXXXXXXX-240-240.png,12 Sep 2018,False,,SF eParcel,,Color:red Ships From:China 
32595591034,767383725,S*****z M.,100,Branche amovible cassée au 1er essai...,FR,M,https://gw.alicdn.com/tps/TB1CjX4LXXXXXbSXFXXXXXXXXXX-240-240.png,29 Nov 2018,False,,AliExpress Standard Shipping,,Color:black Ships From:China 
32595591034,123065920,C*****n K.,100,Product looks good and as per described. ,SG,M,https://gw.alicdn.com/tps/TB1CjX4LXXXXXbSXFXXXXXXXXXX-240-240.png,02 Jan 2019,False,,China Post Registered Air Mail,,Color:black Ships From:China 
32595591034,1788021123,A***e R.,100,"ótimo produto , muito satisfeito",BR,M,https://ae01.alicdn.com/kf/UTB8R5lUopfJXKJkSamHq6zLyVXa0.jpg_220x220.jpg,10 Jan 2019,False,,AliExpress Standard Shipping,,Color:black Ships From:China 
32595591034,1630836824,Br J.,100,Perfeitamente igual na propaganda.,BR,,,14 Nov 2018,False,,AliExpress Standard Shipping,,Color:blue Ships From:China 
32595591034,,Покупатель AliExpress,100,"Excelente servicio, muchas gracias!",CO,,,12 Dec 2018,True,,AliExpress Standard Shipping,,Color:red Ships From:China 
32595591034,179534851,A***u H.,100,Produto excelente. gostei muito,BR,,,24 Jan 2019,False,,AliExpress Standard Shipping,,Color:red Ships From:China 
32595591034,194057831,J*****n K.,100,Все отлично,KZ,,,11 Feb 2019,False,,AliExpress Standard Shipping,,Color:blue Ships From:China 
32595591034,141071634,C********r L.,100,"Todo perfecto, buena calidad ",CL,M,https://ae01.alicdn.com/kf/UT8TA6LXwdaXXagOFbXS.jpg_220x220.jpg,05 Feb 2019,False,,AliExpress Standard Shipping,,Color:red Ships From:China 
32595591034,918412222,C**y T.,100,glasses look amazing.  all lenses are very nice.,CA,,https://ae01.alicdn.com/kf/UTB8qvTIjiDEXKJk43Oqq6Az3XXaC.jpg_220x220.jpg,20 Sep 2018,False,,ePacket,,Color:red Ships From:China 
32595591034,1854252539,K***********u K.,100,в срок качественно. ожидания оправдались.,RU,M,https://ae01.alicdn.com/kf/UTB8gy77lD_IXKJkSalUq6yBzVXaF.jpg_220x220.jpg,12 Dec 2018,False,,Posti Finland,,Color:red Ships From:China 
32595591034,794780457,D***s S.,100,god fit on my face,IL,M,https://ae01.alicdn.com/kf/UTB86bsKwqrFXKJk43Ovq6ybnpXaR.jpg_220x220.jpg,12 Feb 2019,False,,ePacket,,Color:red Ships From:China 
32595591034,193780421,L***s B.,100,"ótimo produto, chegou super rápido 
",BR,,,11 Oct 2018,False,,AliExpress Standard Shipping,,Color:red Ships From:China 
32595591034,,Покупатель AliExpress,100,"очень быстро    ",KZ,,,06 Feb 2019,True,,China Post Registered Air Mail,,Color:red Ships From:China 
32595591034,747819824,J*n D.,100,nice and good quality glasses,SG,M,https://ae01.alicdn.com/kf/UTB8XzRRbL2JXKJkSanrq6y3lVXa4.jpg_220x220.jpg,14 Dec 2018,False,,China Post Registered Air Mail,,Color:red Ships From:China 
32595591034,1814791013,K************m K.,100,Посилка прийшла швидко. Якістю задоволений.,UA,M,https://ae01.alicdn.com/kf/UTB82apJh9bIXKJkSaefq6yasXXay.jpg_220x220.jpg,01 Sep 2018,False,,SF eParcel,,Color:black Ships From:China 
32595591034,1658980999,Bo G.,100,me encanto llego rapido,BO,M,https://ae01.alicdn.com/kf/UTB8tKUfo3QydeJk43PUq6AyQpXa6.jpg_220x220.jpg,16 Jan 2019,False,,AliExpress Standard Shipping,,Color:red Ships From:China 
32595591034,,Покупатель AliExpress,100,отлично быстро,RU,,,18 Oct 2018,True,,China Post Registered Air Mail,,Color:red Ships From:China 
32595591034,773168786,S***r A.,100,Very good product,BG,M,https://ae01.alicdn.com/kf/UT8Z0nxXDXXXXagOFbXH.jpg_220x220.jpg,07 Nov 2018,False,,AliExpress Standard Shipping,,Color:black Ships From:China 
32595591034,738439474,R****n T.,100,Отличный товар,RU,,https://ae01.alicdn.com/kf/UTB8GcwYdyDEXKJk43Oqq6Az3XXaC.jpg_220x220.jpg,31 Aug 2018,False,,China Post Registered Air Mail,,Color:red Ships From:China 
32595591034,702090568,A*******r S.,100,все отлично спасибо!,RU,,,20 Sep 2018,False,,China Post Registered Air Mail,,Color:blue Ships From:China 
32595591034,1798804652,L**z F.,100,tudo certo,BR,,https://ae01.alicdn.com/kf/UTB8nkNxhXPJXKJkSahVq6xyzFXaU.jpg_220x220.jpg,07 Feb 2019,False,,AliExpress Standard Shipping,,Color:black Ships From:China 
32595591034,121832422,M*********o P.,100,excelente,AR,M,https://ae01.alicdn.com/kf/HTB1FA.sJpXXXXcYXpXXq6xXFXXXj.jpg_220x220.jpg,27 Oct 2018,False,,China Post Registered Air Mail,,Color:black Ships From:China 
32595591034,719141058,D*****o S.,100,muy buena tienda la recomiendo,CO,M,https://gw.alicdn.com/tps/TB1CjX4LXXXXXbSXFXXXXXXXXXX-240-240.png,31 Aug 2018,False,,AliExpress Standard Shipping,,Color:red Ships From:China 
32595591034,1651078981,M****l N.,100,"Thank you, super, super.",CZ,,,02 Nov 2018,False,,China Post Registered Air Mail,,Color:red Ships From:China 
32595591034,711476763,A****y K.,60,"Хлипинькие.  Если бы в руках подержал,  вряд-ли купил бы.",KZ,M,https://ae01.alicdn.com/kf/UT8vZQbXv8aXXagOFbXT.jpg_220x220.jpg,21 Sep 2018,False,"['https://ae01.alicdn.com/kf/UTB8QhsKC8ahduJk43Jaq6zM8FXap.jpg', 'https://ae01.alicdn.com/kf/UTB8b.TMCyaMiuJk43PTq6ySmXXaI.jpg', 'https://ae01.alicdn.com/kf/UTB8C4e7DxHEXKJk43Jeq6yeeXXas.jpg', 'https://ae01.alicdn.com/kf/UTB86YPYjf2JXKJkSanrq6y3lVXap.jpg', 'https://ae01.alicdn.com/kf/UTB8Z_z0jevJXKJkSajhq6A7aFXa0.jpg']",China Post Registered Air Mail,"['https://ae01.alicdn.com/kf/UTB8QhsKC8ahduJk43Jaq6zM8FXap.jpg_220x220.jpg', 'https://ae01.alicdn.com/kf/UTB8b.TMCyaMiuJk43PTq6ySmXXaI.jpg_220x220.jpg', 'https://ae01.alicdn.com/kf/UTB8C4e7DxHEXKJk43Jeq6yeeXXas.jpg_220x220.jpg', 'https://ae01.alicdn.com/kf/UTB86YPYjf2JXKJkSanrq6y3lVXap.jpg_220x220.jpg', 'https://ae01.alicdn.com/kf/UTB8Z_z0jevJXKJkSajhq6A7aFXa0.jpg_220x220.jpg']",Color:blue Ships From:China 
32595591034,1677029233,M****l L.,100,top quality. very confortable,PT,,,06 Oct 2018,False,,China Post Registered Air Mail,,Color:red Ships From:China 
32595591034,903802260,M****n C.,100,Great deal!,BR,M,https://gw.alicdn.com/tps/TB1CjX4LXXXXXbSXFXXXXXXXXXX-240-240.png,22 Dec 2018,False,,AliExpress Standard Shipping,,Color:red Ships From:China 
32595591034,1625547388,Ju J.,100,조금 만더 질이 좋았으면.  ..,KR,M,https://gw.alicdn.com/tps/TB1CjX4LXXXXXbSXFXXXXXXXXXX-240-240.png,20 Nov 2018,False,,China Post Registered Air Mail,,Color:black Ships From:China 
32595591034,1641511501,D***s Z.,100,Всё круто.,RU,M,https://ae01.alicdn.com/kf/UTB8m65swGrFXKJk43Ovq6ybnpXaF.jpg_220x220.jpg,12 Sep 2018,False,,China Post Registered Air Mail,,Color:black Ships From:China 
32595591034,739628087,A****a J.,100,Super,HU,M,https://ae01.alicdn.com/kf/UTB8W6jUXg7ydeJk43KUq6yaUpXaq.jpg_220x220.jpg,03 Nov 2018,False,,China Post Registered Air Mail,,Color:blue Ships From:China 
32595591034,925360021,F****e P.,100,excelente,CL,,https://ae01.alicdn.com/kf/UTB8n3Mfk9nEXKJk43Ubq6zLppXaj.jpg_220x220.jpg,08 Oct 2018,False,,AliExpress Standard Shipping,,Color:black Ships From:China 
32595591034,,Покупатель AliExpress,100,Супер.,RU,,,22 Dec 2018,True,,China Post Registered Air Mail,,Color:blue Ships From:China 
32595591034,185933697,P***o M.,100,Excelente produto recomendo.,BR,,,16 Nov 2018,False,,ePacket,,Color:red Ships From:China 
32595591034,175902295,Y***y H.,80,Producto fiel a la descripción. La lente polarizada queda con un poco de holgura; las demás encajan bien en la montura. Por el precio que tiene tampoco se le puede pedir más. Satisfecho con la compra,ES,M,https://gw.alicdn.com/tps/TB1CjX4LXXXXXbSXFXXXXXXXXXX-240-240.png,27 Nov 2018,False,,AliExpress Standard Shipping,,Color:black Ships From:China 
32595591034,807204108,N***t O.,100,good,TR,M,https://gw.alicdn.com/tps/TB1CjX4LXXXXXbSXFXXXXXXXXXX-240-240.png,22 Sep 2018,False,,China Post Registered Air Mail,,Color:blue Ships From:China 
32595591034,182503303,E***k A.,80,"Produto com boa qualidade para o preço, me surpreendeu! Só achei um pouco largo para meu rosto!",BR,M,https://ae01.alicdn.com/kf/UT8Z3MtXz0aXXagOFbXD.jpg_220x220.jpg,28 Nov 2018,False,,AliExpress Standard Shipping,,Color:red Ships From:China 
32595591034,707832944,V****r S.,80,"Доставили в течении месяца. Товар соответствует описанию, однако активно пользоваться буду только следующим летом :-)",RU,,,10 Sep 2018,False,,China Post Registered Air Mail,,Color:blue Ships From:China 
32595591034,1640855836,M*****r M.,100,Ok,CZ,M,https://gw.alicdn.com/tps/TB1CjX4LXXXXXbSXFXXXXXXXXXX-240-240.png,04 Oct 2018,False,,China Post Registered Air Mail,,Color:red Ships From:China 
32595591034,778854194,R***n F.,100,Отличный набор!!!,RU,M,https://gw.alicdn.com/tps/TB1CjX4LXXXXXbSXFXXXXXXXXXX-240-240.png,01 Sep 2018,False,,China Post Registered Air Mail,,Color:red Ships From:China 
32595591034,823930737,C*****u C.,100,все круто быстро советую,BY,M,https://ae01.alicdn.com/kf/UT8y09HXP0XXXagOFbXC.jpg_220x220.jpg,12 Nov 2018,False,,China Post Registered Air Mail,,Color:red Ships From:China 
32595591034,,Покупатель AliExpress,100,Excelente producto ,CL,,,09 Oct 2018,True,,AliExpress Standard Shipping,,Color:blue Ships From:China 
32595591034,1654759848,A*******u O.,100,Good.,BE,M,https://gw.alicdn.com/tps/TB1CjX4LXXXXXbSXFXXXXXXXXXX-240-240.png,10 Dec 2018,False,,AliExpress Standard Shipping,,Color:black Ships From:China 
32595591034,,Покупатель AliExpress,100,Excelente,CL,M,,09 Dec 2018,True,,AliExpress Standard Shipping,,Color:black Ships From:China 
32595591034,167106130,R*****o G.,100,ok,CL,M,https://ae01.alicdn.com/kf/UT8a8UUXvlXXXagOFbXB.jpg_220x220.jpg,17 Dec 2018,False,,AliExpress Standard Shipping,,Color:blue Ships From:China 
32595591034,1863508613,R**a R.,100,Nice,BR,,https://ae01.alicdn.com/kf/UTB8CRLklgnJXKJkSaelq6xUzXXay.jpg_220x220.jpg,11 Dec 2018,False,,AliExpress Standard Shipping,,Color:black Ships From:China 
32595591034,1810485159,S****k D.,100,Polecam,PL,M,https://ae01.alicdn.com/kf/UTB8pOvVBSnEXKJk43Ubq6zLppXa0.jpg_220x220.jpg,29 Nov 2018,False,,China Post Registered Air Mail,,Color:blue Ships From:China 
32595591034,168793102,I******a F.,100,Cool!,BR,,,08 Dec 2018,False,,AliExpress Standard Shipping,,Color:black Ships From:China 
32595591034,793425335,S**g J.,80,가성비는   좋아요..... 블랙 색상만편광 임니다...,KR,M,https://ae01.alicdn.com/kf/UT8jvhwX8daXXagOFbXC.jpg_220x220.jpg,02 Jan 2019,False,,China Post Registered Air Mail,,Color:black Ships From:China 
32595591034,888944880,P******a R.,80,Nice glasses. can't wait to try it..,NL,,,19 Sep 2018,False,,AliExpress Standard Shipping,,Color:blue Ships From:China 
32595591034,1812151966,Ps L.,80,انها جيده جدا ولكن وقت التوصيل اخذ مده لتصل القطعه,PS,M,https://ae01.alicdn.com/kf/UTB8_6cjltnJXKJkSaiyq6AhwXXaV.jpg_220x220.jpg,15 Nov 2018,False,,AliExpress Standard Shipping,,Color:blue Ships From:China 
32595591034,728787081,O**g Z.,80,Прикольные,RU,,,12 Nov 2018,False,,China Post Registered Air Mail,,Color:red Ships From:China 
32595591034,,Покупатель AliExpress,60,"son de buena calidad
 y su visión es buena pero muy grandes los lentes",CL,,,24 Oct 2018,True,,AliExpress Standard Shipping,,Color:black Ships From:China 
32595591034,1654616163,W********e W.,60,O produto possui um cheiro horrível!,BR,,https://ae01.alicdn.com/kf/UTB8nfkLkn_IXKJkSalUq6yBzVXaL.jpg_220x220.jpg,28 Oct 2018,False,,AliExpress Standard Shipping,,Color:red Ships From:China 
32595591034,,Покупатель AliExpress,60,duran mucho en la entrega,CR,,,07 Feb 2019,True,,AliExpress Standard Shipping,,Color:red Ships From:China 
32595591034,107828719,F****l M.,60,So so.,MY,M,https://ae01.alicdn.com/kf/UTB8s_jjyarFXKJk43Ov761bnpXaP.png_220x220.png,15 Oct 2018,False,,China Post Registered Air Mail,,Color:blue Ships From:China 
32595591034,711275392,T***r N.,60,6384+941,RU,F,https://ae01.alicdn.com/kf/UT8lr_vXuXXXXagOFbXG.jpg_220x220.jpg,03 Dec 2018,False,,AliExpress Standard Shipping,,Color:black Ships From:China 
32595591034,1718202464,Br C.,40,"material frágil, diferente de outros anúncios que vem c outros itens para trocar as cores e esse não vem. até que não demorou p entregar, mas não estou satisfeito c tipo de encaixe das lentes que é fácil de trocar, mas de baixa resistência.",BR,,,05 Feb 2019,False,,AliExpress Standard Shipping,,Color:blue Ships From:China 
32595591034,818829604,J****r R.,40,the product never arrived,US,,https://ae01.alicdn.com/kf/UTB8RRDXXn_IXKJkSalUq6yBzVXak.jpg_220x220.jpg,10 Oct 2018,False,,AliExpress Standard Shipping,,Color:blue Ships From:China 
32595591034,1815476356,N*****n A.,20,"Já comprei outros óculos, onde o trinco que fixa a haste dos óculos para troca eram muito mais fáceis de trocar. Este quando você quer trocar das hastes plásticas para as hastes de elástico é a maior dificuldade. Quase os óculos quebram. Não recomendo. ",BR,,,12 Feb 2019,False,,AliExpress Standard Shipping,,Color:black Ships From:China 
32595591034,758707001,E*****o E.,20,"No recibí nunca el pedido duro más de 45 días abriendo asta plazo nuevo me dijo que era problemas de logística en mi dirección de envío y siempre me an llegado de otras tiendas por favor mejorar eso, que tienen bonitos y buenos productos la tienda ",DO,M,https://ae01.alicdn.com/kf/UTB88ZfDr5aMiuJk43PTq6ySmXXaF.jpg_220x220.jpg,14 Nov 2018,False,,AliExpress Standard Shipping,,Color:red Ships From:China 
32595591034,1710564653,M****************o M.,100,,PT,,,07 Feb 2019,False,,China Post Registered Air Mail,,Color:blue Ships From:China 
32595591034,1668309573,J***s L.,100,,KR,,https://ae01.alicdn.com/kf/UTB8T97xgKvJXKJkSajhq6A7aFXaM.jpg_220x220.jpg,14 Sep 2018,False,"['https://ae01.alicdn.com/kf/UTB80ffrDiDEXKJk43Oqq6Az3XXaW.jpg', 'https://ae01.alicdn.com/kf/UTB8tWgci_zIXKJkSafVq6yWgXXa5.jpg', 'https://ae01.alicdn.com/kf/UTB83Wgci_zIXKJkSafVq6yWgXXaU.jpg']",China Post Registered Air Mail,"['https://ae01.alicdn.com/kf/UTB80ffrDiDEXKJk43Oqq6Az3XXaW.jpg_220x220.jpg', 'https://ae01.alicdn.com/kf/UTB8tWgci_zIXKJkSafVq6yWgXXa5.jpg_220x220.jpg', 'https://ae01.alicdn.com/kf/UTB83Wgci_zIXKJkSafVq6yWgXXaU.jpg_220x220.jpg']",Color:black Ships From:China 
32595591034,838079791,J**e S.,100,,BR,M,https://gw.alicdn.com/tps/TB1CjX4LXXXXXbSXFXXXXXXXXXX-240-240.png,25 Jan 2019,False,"['https://ae01.alicdn.com/kf/UTB860PRHxHEXKJk43Jeq6yeeXXaX.jpg', 'https://ae01.alicdn.com/kf/UTB8JdTRHxHEXKJk43Jeq6yeeXXaL.jpg']",ePacket,"['https://ae01.alicdn.com/kf/UTB860PRHxHEXKJk43Jeq6yeeXXaX.jpg_220x220.jpg', 'https://ae01.alicdn.com/kf/UTB8JdTRHxHEXKJk43Jeq6yeeXXaL.jpg_220x220.jpg']",Color:red Ships From:China 
32595591034,909626509,I**n O.,100,,CO,M,https://ae01.alicdn.com/kf/UTB8KDA5XCbIXKJkSaefq6yasXXaj.jpg_220x220.jpg,09 Jan 2019,False,"['https://ae01.alicdn.com/kf/UTB87wWXndnJXKJkSaiyq6AhwXXa9.jpg', 'https://ae01.alicdn.com/kf/UTB88jmcnmbIXKJkSaefq6yasXXaU.jpg']",AliExpress Standard Shipping,"['https://ae01.alicdn.com/kf/UTB87wWXndnJXKJkSaiyq6AhwXXa9.jpg_220x220.jpg', 'https://ae01.alicdn.com/kf/UTB88jmcnmbIXKJkSaefq6yasXXaU.jpg_220x220.jpg']",Color:black Ships From:China 
32595591034,795020751,L******o P.,100,,CL,M,https://ae01.alicdn.com/kf/UTB842skpnzIXKJkSafVq6yWgXXaF.jpg_220x220.jpg,15 Dec 2018,False,"['https://ae01.alicdn.com/kf/UTB84OfHFMQydeJk43PUq6AyQpXa9.jpg', 'https://ae01.alicdn.com/kf/UTB83yfHFMQydeJk43PUq6AyQpXa4.jpg', 'https://ae01.alicdn.com/kf/UTB8xG.pmnzIXKJkSafVq6yWgXXax.jpg', 'https://ae01.alicdn.com/kf/UTB8gW3rmn_IXKJkSalUq6yBzVXae.jpg']",AliExpress Standard Shipping,"['https://ae01.alicdn.com/kf/UTB84OfHFMQydeJk43PUq6AyQpXa9.jpg_220x220.jpg', 'https://ae01.alicdn.com/kf/UTB83yfHFMQydeJk43PUq6AyQpXa4.jpg_220x220.jpg', 'https://ae01.alicdn.com/kf/UTB8xG.pmnzIXKJkSafVq6yWgXXax.jpg_220x220.jpg', 'https://ae01.alicdn.com/kf/UTB8gW3rmn_IXKJkSalUq6yBzVXae.jpg_220x220.jpg']",Color:blue Ships From:China 
32595591034,191569797,T*******s A.,100,,GR,M,https://gw.alicdn.com/tps/TB1CjX4LXXXXXbSXFXXXXXXXXXX-240-240.png,23 Dec 2018,False,,China Post Registered Air Mail,,Color:black Ships From:China 
32595591034,712938645,O**a K.,100,,RU,F,https://gw.alicdn.com/tps/TB1zA01LXXXXXc0XFXXXXXXXXXX-240-240.png,25 Jan 2019,False,,China Post Registered Air Mail,,Color:black Ships From:China 
32595591034,,Покупатель AliExpress,100,,MA,,,19 Feb 2019,True,['https://ae01.alicdn.com/kf/UTB8yFPfIGrFXKJk43Ovq6ybnpXa4.jpg'],China Post Registered Air Mail,['https://ae01.alicdn.com/kf/UTB8yFPfIGrFXKJk43Ovq6ybnpXa4.jpg_220x220.jpg'],Color:blue Ships From:China 
32595591034,720038716,A*****y D.,100,,RU,M,https://ae01.alicdn.com/kf/UT8n7baXOdaXXagOFbXs.jpg_220x220.jpg,15 Oct 2018,False,,China Post Registered Air Mail,,Color:blue Ships From:China 
32595591034,197845454,N****m S.,100,,AL,M,https://ae01.alicdn.com/kf/HTB1JLZdJpXXXXaeXFXXq6xXFXXXu.jpg_220x220.jpg,20 Oct 2018,False,['https://ae01.alicdn.com/kf/UTB8roh2knzIXKJkSafVq6yWgXXaO.jpg'],AliExpress Standard Shipping,['https://ae01.alicdn.com/kf/UTB8roh2knzIXKJkSafVq6yWgXXaO.jpg_220x220.jpg'],Color:red Ships From:China 
32595591034,809495963,C****s A.,100,,CL,M,https://ae01.alicdn.com/kf/UTB8n2sisGrFXKJk43Ovq6ybnpXaY.jpg_220x220.jpg,26 Dec 2018,False,['https://ae01.alicdn.com/kf/UTB8_UhLmSbIXKJkSaefq6yasXXau.jpg'],AliExpress Standard Shipping,['https://ae01.alicdn.com/kf/UTB8_UhLmSbIXKJkSaefq6yasXXau.jpg_220x220.jpg'],Color:blue Ships From:China 
32595591034,730087603,C******a C.,100,,AR,,https://ae01.alicdn.com/kf/UTB8IKiOxOaMiuJk43PTq6ySmXXa1.jpg_220x220.jpg,26 Sep 2018,False,"['https://ae01.alicdn.com/kf/UTB8zTSYDlahduJk43Jaq6zM8FXaz.jpg', 'https://ae01.alicdn.com/kf/UTB8Y.uXjtnJXKJkSaiyq6AhwXXav.jpg']",China Post Registered Air Mail,"['https://ae01.alicdn.com/kf/UTB8zTSYDlahduJk43Jaq6zM8FXaz.jpg_220x220.jpg', 'https://ae01.alicdn.com/kf/UTB8Y.uXjtnJXKJkSaiyq6AhwXXav.jpg_220x220.jpg']",Color:black Ships From:China 
32595591034,1716262099,Nz L.,100,,NZ,,,01 Oct 2018,False,['https://ae01.alicdn.com/kf/UTB8qCw8DgQydeJk43PUq6AyQpXao.jpg'],China Post Registered Air Mail,['https://ae01.alicdn.com/kf/UTB8qCw8DgQydeJk43PUq6AyQpXao.jpg_220x220.jpg'],Color:red Ships From:China 
32595591034,173999335,R****t M.,100,,EE,,,09 Nov 2018,False,['https://ae01.alicdn.com/kf/UTB8hXSykVfJXKJkSamHq6zLyVXay.jpg'],China Post Registered Air Mail,['https://ae01.alicdn.com/kf/UTB8hXSykVfJXKJkSamHq6zLyVXay.jpg_220x220.jpg'],Color:black Ships From:China 
32595591034,844982052,J**n F.,100,,us,,https://ae01.alicdn.com/kf/UTB8fqTkio_4iuJk43Fqq6z.FpXaa.jpg_220x220.jpg,22 Feb 2019,False,,AliExpress Standard Shipping,,Color:black Ships From:China 
32595591034,924112000,U**t I.,100,,TR,M,https://ae01.alicdn.com/kf/UTB8Q9JRt5aMiuJk43PTq6ySmXXaN.jpg_220x220.jpg,22 Feb 2019,False,,China Post Registered Air Mail,,Color:blue Ships From:China 
32595591034,1702758112,K***l K.,100,,AZ,,https://ae01.alicdn.com/kf/UTB8ggoOtGrFXKJk43Ovq6ybnpXaF.jpg_220x220.jpg,12 Feb 2019,False,,China Post Registered Air Mail,,Color:black Ships From:China 
32595591034,,Покупатель AliExpress,100,,BR,,,11 Feb 2019,True,,ePacket,,Color:red Ships From:China 
32595591034,,Покупатель AliExpress,100,,BD,M,,18 Feb 2019,True,,AliExpress Standard Shipping,,Color:blue Ships From:China 
32595591034,1857801181,Jp S.,100,,JP,,,20 Feb 2019,False,,ePacket,,Color:blue Ships From:China 
32595591034,710688186,V*******l S.,100,,CZ,M,https://gw.alicdn.com/tps/TB1CjX4LXXXXXbSXFXXXXXXXXXX-240-240.png,03 Feb 2019,False,,China Post Registered Air Mail,,Color:red Ships From:China 
32595591034,730206925,D***o M.,100,,CL,,,08 Feb 2019,False,,AliExpress Standard Shipping,,Color:red Ships From:China 
32595591034,1851844860,Co H.,100,,CO,,,08 Feb 2019,False,,AliExpress Standard Shipping,,Color:blue Ships From:China 
32595591034,1793364803,D**i S.,100,,BR,,,29 Jan 2019,False,,AliExpress Standard Shipping,,Color:black Ships From:China 
32595591034,170238136,M****j S.,100,,PL,,,15 Feb 2019,False,,AliExpress Standard Shipping,,Color:red Ships From:China 
32595591034,1842855373,G****a S.,80,,PE,F,https://gw.alicdn.com/tps/TB1zA01LXXXXXc0XFXXXXXXXXXX-240-240.png,10 Dec 2018,False,"['https://ae01.alicdn.com/kf/UTB8ioJDmdnJXKJkSaiyq6AhwXXaA.jpg', 'https://ae01.alicdn.com/kf/UTB8qgHcF9nEXKJk43Ubq6zLppXa9.jpg', 'https://ae01.alicdn.com/kf/UTB8rnNKmbPJXKJkSafSq6yqUXXae.jpg']",AliExpress Standard Shipping,"['https://ae01.alicdn.com/kf/UTB8ioJDmdnJXKJkSaiyq6AhwXXaA.jpg_220x220.jpg', 'https://ae01.alicdn.com/kf/UTB8qgHcF9nEXKJk43Ubq6zLppXa9.jpg_220x220.jpg', 'https://ae01.alicdn.com/kf/UTB8rnNKmbPJXKJkSafSq6yqUXXae.jpg_220x220.jpg']",Color:red Ships From:China 
32595591034,166748265,R*****o O.,100,,BR,M,https://gw.alicdn.com/tps/TB1CjX4LXXXXXbSXFXXXXXXXXXX-240-240.png,29 Jan 2019,False,,ePacket,,Color:black Ships From:China 
32595591034,897391850,M****l C.,100,,CO,,https://ae01.alicdn.com/kf/UTB8SP8LXXfFXKJk43Otq6xIPFXaz.jpg_220x220.jpg,17 Feb 2019,False,,AliExpress Standard Shipping,,Color:blue Ships From:China 
32595591034,1843252110,D***o F.,100,,BR,,https://ae01.alicdn.com/kf/UTB8N7Z2C0oSdeJk43Owq6ya4XXau.jpg_220x220.jpg,04 Feb 2019,False,,AliExpress Standard Shipping,,Color:red Ships From:China 
32595591034,,Покупатель AliExpress,100,,AU,,,13 Feb 2019,True,,China Post Registered Air Mail,,Color:blue Ships From:China 
32595591034,1625060497,L*******************o L.,100,,CL,,,29 Nov 2018,False,,AliExpress Standard Shipping,,Color:red Ships From:China 
32595591034,,Покупатель AliExpress,100,,FO,M,,08 Oct 2018,True,,AliExpress Standard Shipping,,Color:black Ships From:China 
32595591034,180404451,D****n S.,100,,BR,M,https://ae01.alicdn.com/kf/UTB8HKV7u0oSdeJk43Owq6ya4XXax.jpg_220x220.jpg,15 Jan 2019,False,,AliExpress Standard Shipping,,Color:blue Ships From:China 
32595591034,911590097,D***g P.,100,,VN,M,https://ae01.alicdn.com/kf/UTB8bZUeHarFXKJk43Ovq6ybnpXax.jpg_220x220.jpg,11 Sep 2018,False,,China Post Registered Air Mail,,Color:blue Ships From:China 
32595591034,,Покупатель AliExpress,100,,RO,,,20 Oct 2018,True,,AliExpress Standard Shipping,,Color:red Ships From:China 
32595591034,1615911598,L**s B.,100,,PE,M,https://gw.alicdn.com/tps/TB1CjX4LXXXXXbSXFXXXXXXXXXX-240-240.png,14 Dec 2018,False,,China Post Registered Air Mail,,Color:red Ships From:China 
32595591034,822580910,R***n B.,100,,CO,M,https://ae01.alicdn.com/kf/UT8lV7UXMdXXXagOFbX4.jpg_220x220.jpg,06 Nov 2018,False,,AliExpress Standard Shipping,,Color:blue Ships From:China 
32595591034,1823924679,M***a S.,100,,BR,,,06 Feb 2019,False,,AliExpress Standard Shipping,,Color:black Ships From:China 
32595591034,,Покупатель AliExpress,100,,BO,M,,25 Oct 2018,True,,AliExpress Standard Shipping,,Color:black Ships From:China 
32595591034,1622406576,A****r B.,100,,PE,M,https://ae01.alicdn.com/kf/UTB8wLVBkTzIXKJkSafVq6yWgXXaS.jpg_220x220.jpg,24 Dec 2018,False,,AliExpress Standard Shipping,,Color:black Ships From:China 
32595591034,1708805937,L**z J.,100,,US,,,29 Jan 2019,False,,AliExpress Standard Shipping,,Color:red Ships From:China 
32595591034,162289759,L***i L.,100,,EC,F,https://ae01.alicdn.com/kf/HTB165.eJpXXXXa4XpXXq6xXFXXXO.jpg_220x220.jpg,01 Nov 2018,False,,AliExpress Standard Shipping,,Color:blue Ships From:China 
32595591034,,Покупатель AliExpress,100,,BR,,,10 Jan 2019,True,,AliExpress Standard Shipping,,Color:red Ships From:China 
32595591034,764142300,O****a P.,100,,UA,F,https://gw.alicdn.com/tps/TB1zA01LXXXXXc0XFXXXXXXXXXX-240-240.png,24 Dec 2018,False,,SF eParcel,,Color:red Ships From:China 
32595591034,872406542,C**i M.,100,,KR,,,01 Nov 2018,False,,China Post Registered Air Mail,,Color:black Ships From:China 
32595591034,837965671,A****y K.,100,,RU,M,https://gw.alicdn.com/tps/TB1CjX4LXXXXXbSXFXXXXXXXXXX-240-240.png,29 Oct 2018,False,,China Post Registered Air Mail,,Color:red Ships From:China 
32595591034,748492758,A***n I.,100,,TR,M,https://gw.alicdn.com/tps/TB1CjX4LXXXXXbSXFXXXXXXXXXX-240-240.png,08 Oct 2018,False,,China Post Registered Air Mail,,Color:red Ships From:China 
32595591034,166522481,I**r N.,100,,UA,,,26 Dec 2018,False,,China Post Registered Air Mail,,Color:blue Ships From:China 
32595591034,128436045,Y**i P.,100,,RU,M,https://gw.alicdn.com/tps/TB1CjX4LXXXXXbSXFXXXXXXXXXX-240-240.png,13 Dec 2018,False,,China Post Registered Air Mail,,Color:red Ships From:China 
32595591034,1716137851,Q************s Q.,100,,BR,,,02 Feb 2019,False,,AliExpress Standard Shipping,,Color:blue Ships From:China 
32595591034,916775330,N***a N.,100,,US,F,https://gw.alicdn.com/tps/TB1zA01LXXXXXc0XFXXXXXXXXXX-240-240.png,03 Jan 2019,False,,AliExpress Standard Shipping,,Color:blue Ships From:China 
32595591034,1798262021,V****v M.,100,,CZ,,,12 Oct 2018,False,,China Post Registered Air Mail,,Color:blue Ships From:China 
32595591034,178658823,I**r B.,100,,RU,,,03 Oct 2018,False,,China Post Registered Air Mail,,Color:black Ships From:China 
32595591034,760868876,B***n N.,100,,NL,M,https://ae01.alicdn.com/kf/UTB8a5d8ltnJXKJkSaiyq6AhwXXaO.jpg_220x220.jpg,20 Sep 2018,False,,AliExpress Standard Shipping,,Color:red Ships From:China 
32595591034,135042306,V*******v S.,100,,UA,M,https://gw.alicdn.com/tps/TB1CjX4LXXXXXbSXFXXXXXXXXXX-240-240.png,19 Sep 2018,False,,AliExpress Standard Shipping,,Color:blue Ships From:China 
32595591034,185864039,W**d M.,100,,RU,,,17 Dec 2018,False,,China Post Registered Air Mail,,Color:blue Ships From:China 
32595591034,820544026,D**********n D.,100,,RU,M,https://ae01.alicdn.com/kf/UT856euXFtbXXagOFbXi.jpg_220x220.jpg,05 Sep 2018,False,,ePacket,,Color:black Ships From:China 
32595591034,913864713,J***i P.,100,,CO,F,https://ae01.alicdn.com/kf/UTB8ez9PBRahduJk43Jaq6zM8FXaL.jpg_220x220.jpg,10 Jan 2019,False,,AliExpress Standard Shipping,,Color:black Ships From:China 
32595591034,916972323,R****t H.,100,,NL,,https://ae01.alicdn.com/kf/UTB892fWhwQydeJk43PUq6AyQpXax.jpg_220x220.jpg,19 Sep 2018,False,,AliExpress Standard Shipping,,Color:black Ships From:China 
32595591034,1771894845,M*******a T.,100,,PE,F,https://gw.alicdn.com/tps/TB1zA01LXXXXXc0XFXXXXXXXXXX-240-240.png,05 Jan 2019,False,,AliExpress Standard Shipping,,Color:black Ships From:China 
32595591034,749045541,J***p I.,100,,HR,,https://ae01.alicdn.com/kf/UTB8YWB6vtoSdeJk43Owq6ya4XXaW.jpg_220x220.jpg,24 Nov 2018,False,,China Post Registered Air Mail,,Color:black Ships From:China 
32595591034,723437256,V***m T.,100,,UA,M,https://ae01.alicdn.com/kf/UT8xzWzXs0aXXagOFbXZ.jpg_220x220.jpg,28 Nov 2018,False,,SF eParcel,,Color:black Ships From:China 
32595591034,,Покупатель AliExpress,100,,RU,,,02 Sep 2018,True,,China Post Registered Air Mail,,Color:black Ships From:China 
32595591034,900333258,A*******r R.,100,,RU,,,28 Dec 2018,False,,China Post Registered Air Mail,,Color:black Ships From:China 
32595591034,700459043,M****l M.,100,,ES,M,https://gw.alicdn.com/tps/TB1CjX4LXXXXXbSXFXXXXXXXXXX-240-240.png,15 Nov 2018,False,,AliExpress Standard Shipping,,Color:black Ships From:China 
32595591034,756460837,L********4 L.,100,,RU,M,https://ae01.alicdn.com/kf/UT8otrMXsVXXXagOFbXN.jpg_220x220.jpg,22 Sep 2018,False,,China Post Registered Air Mail,,Color:blue Ships From:China 
32595591034,176006617,C*****l B.,100,,NL,M,https://ae01.alicdn.com/kf/UTB8IKPkkFPJXKJkSahVq6xyzFXay.jpg_220x220.jpg,19 Sep 2018,False,,AliExpress Standard Shipping,,Color:blue Ships From:China 
32595591034,723191718,S****y L.,100,,UA,M,https://gw.alicdn.com/tps/TB1CjX4LXXXXXbSXFXXXXXXXXXX-240-240.png,24 Sep 2018,False,,SF eParcel,,Color:red Ships From:China 
32595591034,181620804,N******a K.,100,,SK,F,https://gw.alicdn.com/tps/TB1zA01LXXXXXc0XFXXXXXXXXXX-240-240.png,17 Nov 2018,False,,China Post Registered Air Mail,,Color:blue Ships From:China 
32595591034,139155075,M*****s S.,100,,SE,M,https://ae01.alicdn.com/kf/UT8zuf8X2lbXXagOFbXO.jpg_220x220.jpg,02 Oct 2018,False,,China Post Registered Air Mail,,Color:black Ships From:China 
32595591034,878120037,K*t C.,100,,RU,F,https://ae01.alicdn.com/kf/UTB8GAS8uBahduJk43Jaq6zM8FXaQ.jpg_220x220.jpg,01 Jan 2019,False,,China Post Registered Air Mail,,Color:black Ships From:China 
32595591034,808621324,S****a J.,100,,SI,F,https://ae01.alicdn.com/kf/UT8f78IXKdaXXagOFbX9.jpg_220x220.jpg,26 Oct 2018,False,,China Post Registered Air Mail,,Color:black Ships From:China 
32595591034,904502821,L***s J.,100,,LT,,,07 Dec 2018,False,,AliExpress Standard Shipping,,Color:red Ships From:China 
32595591034,719955735,O**g S.,100,,UA,M,https://ae01.alicdn.com/kf/UTB8oUjfqgQydeJk43PUq6AyQpXaE.jpg_220x220.jpg,20 Sep 2018,False,,SF eParcel,,Color:red Ships From:China 
32595591034,169659948,A*****y P.,100,,RU,M,https://ae01.alicdn.com/kf/UTB8eR1WldoSdeJk43Owq6ya4XXaB.jpg_220x220.jpg,30 Aug 2018,False,,China Post Registered Air Mail,,Color:red Ships From:China 
32595591034,814379723,V***m P.,100,,RU,,https://ae01.alicdn.com/kf/UTB8NXaplyDEXKJk43Oqq6Az3XXaL.jpg_220x220.jpg,13 Sep 2018,False,,China Post Registered Air Mail,,Color:black Ships From:China 
32595591034,123354596,E****e S.,100,,US,M,https://gw.alicdn.com/tps/TB1CjX4LXXXXXbSXFXXXXXXXXXX-240-240.png,16 Oct 2018,False,,ePacket,,Color:black Ships From:China 
32595591034,1803924336,A*******r R.,100,,RU,M,https://gw.alicdn.com/tps/TB1CjX4LXXXXXbSXFXXXXXXXXXX-240-240.png,08 Oct 2018,False,,China Post Registered Air Mail,,Color:red Ships From:China 
32595591034,705915701,M***o L.,100,,SV,M,https://ae01.alicdn.com/kf/UT83vcyXyJaXXagOFbX8.jpg_220x220.jpg,02 Dec 2018,False,,AliExpress Standard Shipping,,Color:black Ships From:China 
32595591034,766625499,M**u V.,100,,CL,M,https://ae01.alicdn.com/kf/UT8OWjjXCpXXXagOFbXN.jpg_220x220.jpg,13 Nov 2018,False,,AliExpress Standard Shipping,,Color:blue Ships From:China 
32595591034,172852905,F*******o M.,100,,CL,M,https://gw.alicdn.com/tps/TB1CjX4LXXXXXbSXFXXXXXXXXXX-240-240.png,19 Dec 2018,False,,AliExpress Standard Shipping,,Color:blue Ships From:China 
32595591034,,Покупатель AliExpress,100,,CZ,,,12 Dec 2018,True,,China Post Registered Air Mail,,Color:blue Ships From:China 
32595591034,184011231,R*****o A.,100,,CL,M,https://ae01.alicdn.com/kf/UT8f_tuXRRaXXagOFbXX.jpg_220x220.jpg,27 Dec 2018,False,,AliExpress Standard Shipping,,Color:blue Ships From:China 
32595591034,,Покупатель AliExpress,100,,MX,,,28 Sep 2018,True,,China Post Registered Air Mail,,Color:black Ships From:China 
32595591034,857677319,C****s J.,100,,CR,M,https://ae01.alicdn.com/kf/UTB8pKNefGrFXKJk43Ovq6ybnpXaa.jpg_220x220.jpg,18 Jan 2019,False,,AliExpress Standard Shipping,,Color:blue Ships From:China 
32595591034,168864901,J**e C.,100,,ES,,,11 Nov 2018,False,,AliExpress Standard Shipping,,Color:red Ships From:China 
32595591034,807842470,S****y S.,100,,RU,M,https://ae01.alicdn.com/kf/UT84zxMXJxXXXagOFbXO.jpg_220x220.jpg,16 Dec 2018,False,,Posti Finland,,Color:black Ships From:China 
32595591034,,Покупатель AliExpress,100,,RU,M,,26 Nov 2018,True,,China Post Registered Air Mail,,Color:black Ships From:China 
32595591034,1693476470,J**********e J.,100,,CL,,,11 Oct 2018,False,,AliExpress Standard Shipping,,Color:red Ships From:China 
32595591034,706302110,D****o G.,100,,BG,,,15 Sep 2018,False,,AliExpress Standard Shipping,,Color:blue Ships From:China 
32595591034,182710474,E*****y Z.,100,,RU,M,https://gw.alicdn.com/tps/TB1CjX4LXXXXXbSXFXXXXXXXXXX-240-240.png,17 Jan 2019,False,,China Post Registered Air Mail,,Color:blue Ships From:China 
32595591034,,Покупатель AliExpress,100,,HU,,,05 Dec 2018,True,,China Post Registered Air Mail,,Color:red Ships From:China 
32595591034,758818399,M***s K.,100,,LV,M,https://ae01.alicdn.com/kf/UT8_sxqXQXaXXagOFbX7.jpg_220x220.jpg,05 Jan 2019,False,,AliExpress Standard Shipping,,Color:blue Ships From:China 
32595591034,195752809,J***j T.,100,,SK,,,28 Dec 2018,False,,China Post Registered Air Mail,,Color:red Ships From:China 
32595591034,702585601,J***k S.,100,,PL,F,https://gw.alicdn.com/tps/TB1zA01LXXXXXc0XFXXXXXXXXXX-240-240.png,26 Sep 2018,False,,SF eParcel,,Color:blue Ships From:China 
32595591034,173795515,J*n L.,100,,ES,M,https://ae01.alicdn.com/kf/UT8rpaJXsRbXXagOFbXm.jpg_220x220.jpg,10 Oct 2018,False,,AliExpress Standard Shipping,,Color:blue Ships From:China 
32595591034,756861799,R***n J.,100,,CZ,M,https://gw.alicdn.com/tps/TB1CjX4LXXXXXbSXFXXXXXXXXXX-240-240.png,07 Nov 2018,False,,China Post Registered Air Mail,,Color:black Ships From:China 
32595591034,,Покупатель AliExpress,100,,BA,,,06 Oct 2018,True,,AliExpress Standard Shipping,,Color:black Ships From:China 
32595591034,745435240,A*****o R.,100,,ES,M,https://gw.alicdn.com/tps/TB1CjX4LXXXXXbSXFXXXXXXXXXX-240-240.png,03 Sep 2018,False,,Entrega Local,,Color:black Ships From:Spain 
32595591034,750064127,R****r A.,100,,CH,M,https://gw.alicdn.com/tps/TB1CjX4LXXXXXbSXFXXXXXXXXXX-240-240.png,17 Sep 2018,False,,China Post Registered Air Mail,,Color:black Ships From:China 
32595591034,875719391,P****l S.,100,,DE,,,21 Sep 2018,False,,China Post Registered Air Mail,,Color:black Ships From:China 
32595591034,755397229,N***l B.,100,,IE,M,https://gw.alicdn.com/tps/TB1CjX4LXXXXXbSXFXXXXXXXXXX-240-240.png,04 Oct 2018,False,,China Post Registered Air Mail,,Color:black Ships From:China 
32595591034,,Покупатель AliExpress,100,,ES,F,,15 Oct 2018,True,,AliExpress Standard Shipping,,Color:red Ships From:China 
32595591034,879052301,A****a U.,100,,UZ,F,https://gw.alicdn.com/tps/TB1zA01LXXXXXc0XFXXXXXXXXXX-240-240.png,04 Dec 2018,False,,AliExpress Standard Shipping,,Color:red Ships From:China 
32595591034,1815783586,A*******r S.,100,,RU,,,25 Oct 2018,False,,ePacket,,Color:red Ships From:China 
32595591034,,Покупатель AliExpress,100,,US,F,,13 Sep 2018,True,,China Post Registered Air Mail,,Color:red Ships From:China 
32595591034,193121696,A*******e M.,100,,BR,,,15 Jan 2019,False,,AliExpress Standard Shipping,,Color:red Ships From:China 
32595591034,733547782,D****y B.,100,,RU,M,https://ae01.alicdn.com/kf/UT8s_jiXAtaXXagOFbXB.jpg_220x220.jpg,18 Oct 2018,False,,China Post Registered Air Mail,,Color:blue Ships From:China 
32595591034,1693207349,O**g T.,100,,UA,,,02 Nov 2018,False,,SF eParcel,,Color:red Ships From:China 
32595591034,176560894,R*i P.,100,,PT,M,https://ae01.alicdn.com/kf/UT8guLnX0VaXXagOFbXB.jpg_220x220.jpg,01 Oct 2018,False,,ePacket,,Color:black Ships From:China 
32595591034,,Покупатель AliExpress,100,,CZ,,,16 Dec 2018,True,,China Post Registered Air Mail,,Color:red Ships From:China 
32595591034,860577288,B**l L.,100,,PT,,https://ae01.alicdn.com/kf/UTB8r160qFfFXKJk43Otq6xIPFXaG.jpg_220x220.jpg,23 Oct 2018,False,,China Post Registered Air Mail,,Color:blue Ships From:China 
32595591034,934289683,S**i A.,100,,OM,M,https://ae01.alicdn.com/kf/UTB8JqgThYPJXKJkSafSq6yqUXXa0.jpg_220x220.jpg,07 Oct 2018,False,,AliExpress Standard Shipping,,Color:black Ships From:China 
32595591034,723834955,V***m L.,100,,UA,M,https://gw.alicdn.com/tps/TB1CjX4LXXXXXbSXFXXXXXXXXXX-240-240.png,28 Nov 2018,False,,SF eParcel,,Color:black Ships From:China 
32595591034,768693685,A**a S.,100,,RU,F,https://ae01.alicdn.com/kf/UT8y1vuXutXXXagOFbXE.jpg_220x220.jpg,20 Oct 2018,False,,China Post Registered Air Mail,,Color:black Ships From:China 
32595591034,890256298,A****y E.,100,,US,,,12 Dec 2018,False,,China Post Registered Air Mail,,Color:blue Ships From:China 
32595591034,782438377,P***o M.,100,,PT,M,https://ae01.alicdn.com/kf/UTB8BK0rpdnJXKJkSaiyq6AhwXXaC.jpg_220x220.jpg,15 Dec 2018,False,,Euro-business Parcel,,Color:black Ships From:Spain 
32595591034,160241293,G***y N.,100,,CA,M,https://ae01.alicdn.com/kf/UT8.WzhXJlXXXagOFbXX.jpg_220x220.jpg,15 Dec 2018,False,,China Post Registered Air Mail,,Color:red Ships From:China 
32595591034,1791638382,O**g P.,100,,UA,,,07 Dec 2018,False,,SF eParcel,,Color:red Ships From:China 
32595591034,128698728,S****y V.,100,,RU,,,24 Dec 2018,False,,China Post Registered Air Mail,,Color:red Ships From:China 
32595591034,,S*****n T.,100,,ca,,,04 Sep 2018,False,,China Post Registered Air Mail,,Color:black Ships From:China 
32595591034,722254938,M*****e F.,100,,BR,F,https://gw.alicdn.com/tps/TB1zA01LXXXXXc0XFXXXXXXXXXX-240-240.png,19 Dec 2018,False,,AliExpress Standard Shipping,,Color:black Ships From:China 
32595591034,759576506,I********3 I.,100,,RU,M,https://ae01.alicdn.com/kf/UT822YHXBJXXXagOFbXI.jpg_220x220.jpg,02 Jan 2019,False,,China Post Registered Air Mail,,Color:red Ships From:China 
32595591034,168128884,J**e C.,100,,ES,,,14 Sep 2018,False,,AliExpress Standard Shipping,,Color:blue Ships From:China 
32595591034,782791761,E*****o C.,100,,BR,,,25 Oct 2018,False,,AliExpress Standard Shipping,,Color:black Ships From:China 
32595591034,1628900829,S**n L.,100,,KR,,,07 Sep 2018,False,,China Post Registered Air Mail,,Color:blue Ships From:China 
32595591034,,Покупатель AliExpress,100,,LB,F,,12 Oct 2018,True,,AliExpress Standard Shipping,,Color:black Ships From:China 
32595591034,,Покупатель AliExpress,100,,CA,M,,07 Sep 2018,True,,China Post Registered Air Mail,,Color:black Ships From:China 
32595591034,834908183,I*********a I.,100,,RU,,https://ae01.alicdn.com/kf/UTB8Z8pAuGrFXKJk43Ovq6ybnpXaQ.jpg_220x220.jpg,25 Jan 2019,False,,China Post Registered Air Mail,,Color:black Ships From:China 
32595591034,,Покупатель AliExpress,100,,RU,,,01 Sep 2018,True,,China Post Registered Air Mail,,Color:blue Ships From:China 
32595591034,,Покупатель AliExpress,100,,CA,,,04 Sep 2018,True,,China Post Registered Air Mail,,Color:red Ships From:China 
32595591034,751825259,I***i M.,100,,ES,M,https://gw.alicdn.com/tps/TB1CjX4LXXXXXbSXFXXXXXXXXXX-240-240.png,10 Nov 2018,False,,AliExpress Standard Shipping,,Color:black Ships From:China 
32595591034,,Покупатель AliExpress,100,,KH,M,,13 Sep 2018,True,,China Post Registered Air Mail,,Color:black Ships From:China 
32595591034,174355185,K****l S.,100,,BY,M,https://gw.alicdn.com/tps/TB1CjX4LXXXXXbSXFXXXXXXXXXX-240-240.png,20 Sep 2018,False,,China Post Registered Air Mail,,Color:black Ships From:China 
32595591034,1709636754,A**x M.,100,,BY,,,17 Sep 2018,False,,China Post Registered Air Mail,,Color:blue Ships From:China 
32595591034,,Покупатель AliExpress,100,,PT,,,15 Nov 2018,True,,China Post Registered Air Mail,,Color:black Ships From:China 
32595591034,777969785,I**n N.,100,,BY,M,https://ae01.alicdn.com/kf/UT8KWwrX20XXXagOFbXL.jpg_220x220.jpg,25 Nov 2018,False,,China Post Registered Air Mail,,Color:black Ships From:China 
32595591034,844355254,L***o P.,100,,us,,,15 Nov 2018,False,,ePacket,,Color:blue Ships From:China 
32595591034,1614466087,I**********i I.,100,,ID,F,https://ae01.alicdn.com/kf/UTB8KaHqhf2JXKJkSanrq6y3lVXaJ.jpg_220x220.jpg,19 Sep 2018,False,,China Post Registered Air Mail,,Color:blue Ships From:China 
32595591034,1663016689,P**r P.,100,,CZ,,https://ae01.alicdn.com/kf/UTB8Z9WUeTzIXKJkSafVq6yWgXXav.jpg_220x220.jpg,19 Dec 2018,False,,China Post Registered Air Mail,,Color:blue Ships From:China 
32595591034,162366892,L**s D.,100,,CL,M,https://ae01.alicdn.com/kf/UTB8oaIbrCnEXKJk43Ubq6zLppXaG.jpg_220x220.jpg,25 Oct 2018,False,,AliExpress Standard Shipping,,Color:red Ships From:China 
32595591034,759751408,J*****t H.,100,,NL,,,14 Sep 2018,False,,AliExpress Standard Shipping,,Color:black Ships From:China 
32595591034,805607359,A********r K.,100,,RU,M,https://ae01.alicdn.com/kf/UT8lypzXKpaXXagOFbXv.jpg_220x220.jpg,09 Oct 2018,False,,China Post Registered Air Mail,,Color:red Ships From:China 
32595591034,1643861711,I******r S.,100,,RU,,,15 Sep 2018,False,,China Post Registered Air Mail,,Color:red Ships From:China 
32595591034,1632759915,J**n T.,100,,PE,,,03 Oct 2018,False,,AliExpress Standard Shipping,,Color:red Ships From:China 
32595591034,171424805,E**d S.,100,,IL,,,23 Dec 2018,False,,China Post Registered Air Mail,,Color:blue Ships From:China 
32595591034,921405506,T***s C.,100,,UA,M,https://gw.alicdn.com/tps/TB1CjX4LXXXXXbSXFXXXXXXXXXX-240-240.png,06 Dec 2018,False,,SF eParcel,,Color:black Ships From:China 
32595591034,864568316,T***o S.,100,,BR,,https://ae01.alicdn.com/kf/UT8TBGdX1daXXagOFbXX.jpg_220x220.jpg,11 Dec 2018,False,,AliExpress Standard Shipping,,Color:red Ships From:China 
32595591034,170758900,A**s W.,100,,BR,,,25 Sep 2018,False,,AliExpress Standard Shipping,,Color:blue Ships From:China 
32595591034,857591308,V**d B.,100,,RU,,,04 Sep 2018,False,,China Post Registered Air Mail,,Color:red Ships From:China 
32595591034,1708648405,F*******o P.,100,,ES,M,https://ae01.alicdn.com/kf/UTB8guSNjCbIXKJkSaefq6yasXXaw.jpg_220x220.jpg,15 Oct 2018,False,,AliExpress Standard Shipping,,Color:blue Ships From:China 
32595591034,,Покупатель AliExpress,100,,PL,M,,21 Nov 2018,True,,SF eParcel,,Color:blue Ships From:China 
32595591034,916777183,P***o M.,100,,PT,,,17 Dec 2018,False,,China Post Registered Air Mail,,Color:black Ships From:China 
32595591034,196777614,V****s M.,100,,LV,M,https://ae01.alicdn.com/kf/UT8JLTDXB0aXXagOFbXB.jpg_220x220.jpg,26 Sep 2018,False,,China Post Registered Air Mail,,Color:blue Ships From:China 
32595591034,,Покупатель AliExpress,100,,GE,,,08 Sep 2018,True,,AliExpress Standard Shipping,,Color:black Ships From:China 
32595591034,,Покупатель AliExpress,100,,ES,M,,11 Oct 2018,True,,AliExpress Standard Shipping,,Color:blue Ships From:China 
32595591034,1664629368,F******k M.,100,,BG,,https://ae01.alicdn.com/kf/UTB8jVqHpgQydeJk43PUq6AyQpXas.jpg_220x220.jpg,22 Nov 2018,False,,AliExpress Standard Shipping,,Color:black Ships From:China 
32595591034,911696508,F****k D.,100,,FR,M,https://ae01.alicdn.com/kf/UTB8Sn0hXVPJXKJkSahVq6xyzFXap.jpg_220x220.jpg,20 Sep 2018,False,,AliExpress Standard Shipping,,Color:red Ships From:China 
32595591034,740040733,I*****a W.,100,,PL,F,https://gw.alicdn.com/tps/TB1zA01LXXXXXc0XFXXXXXXXXXX-240-240.png,04 Nov 2018,False,,SF eParcel,,Color:black Ships From:China 
32595591034,915190006,G****e S.,100,,UY,,https://ae01.alicdn.com/kf/UTB8oCAxHiaMiuJk43PTq6ySmXXa3.jpg_220x220.jpg,08 Nov 2018,False,,China Post Registered Air Mail,,Color:red Ships From:China 
32595591034,1706136744,J***k K.,100,,PL,,https://ae01.alicdn.com/kf/UTB8_YGWitnJXKJkSaiyq6AhwXXaw.jpg_220x220.jpg,22 Dec 2018,False,,SF eParcel,,Color:black Ships From:China 
32595591034,,Покупатель AliExpress,100,,BR,,,24 Oct 2018,True,,AliExpress Standard Shipping,,Color:black Ships From:China 
32595591034,,Покупатель AliExpress,100,,CZ,F,,18 Jan 2019,True,,China Post Registered Air Mail,,Color:black Ships From:China 
32595591034,123467609,K*n H.,100,,NZ,M,https://gw.alicdn.com/tps/TB1CjX4LXXXXXbSXFXXXXXXXXXX-240-240.png,04 Dec 2018,False,,China Post Registered Air Mail,,Color:black Ships From:China 
32595591034,699823021,T***o K.,100,,BR,M,https://gw.alicdn.com/tps/TB1CjX4LXXXXXbSXFXXXXXXXXXX-240-240.png,13 Sep 2018,False,,AliExpress Standard Shipping,,Color:black Ships From:China 
32595591034,819932904,A****y G.,100,,RU,,,13 Oct 2018,False,,AliExpress Standard Shipping,,Color:blue Ships From:China 
32595591034,712374858,P****a V.,100,,ES,,,08 Oct 2018,False,,AliExpress Standard Shipping,,Color:blue Ships From:China 
32595591034,726794836,Jp B.,100,,ZA,,,19 Jan 2019,False,,China Post Registered Air Mail,,Color:red Ships From:China 
32595591034,187601532,N*****i N.,100,,RU,,,07 Nov 2018,False,,China Post Registered Air Mail,,Color:black Ships From:China 
32595591034,117218537,S******o L.,100,,ID,M,https://gw.alicdn.com/tps/TB1CjX4LXXXXXbSXFXXXXXXXXXX-240-240.png,05 Jan 2019,False,,China Post Registered Air Mail,,Color:blue Ships From:China 
32595591034,1843844582,F******k U.,100,,GR,,https://ae01.alicdn.com/kf/UTB8KP3PDyDEXKJk43Oqq6Az3XXaC.jpg_220x220.jpg,20 Oct 2018,False,,China Post Registered Air Mail,,Color:black Ships From:China 
32595591034,,Покупатель AliExpress,100,,UA,,,06 Dec 2018,True,,SF eParcel,,Color:black Ships From:China 
32595591034,919583678,A********f A.,100,,OM,M,https://gw.alicdn.com/tps/TB1CjX4LXXXXXbSXFXXXXXXXXXX-240-240.png,05 Nov 2018,False,,AliExpress Standard Shipping,,Color:blue Ships From:China 
32595591034,1847078675,T*m B.,100,,BE,,,20 Nov 2018,False,,China Post Registered Air Mail,,Color:blue Ships From:China 
32595591034,1877544216,R**u A.,100,,RO,,,11 Dec 2018,False,,AliExpress Standard Shipping,,Color:blue Ships From:China 
32595591034,732039588,A**m F.,100,,US,,,01 Oct 2018,False,,ePacket,,Color:blue Ships From:China 
32595591034,796565041,S******e V.,100,,CA,,,06 Oct 2018,False,,ePacket,,Color:black Ships From:China 
32595591034,,Покупатель AliExpress,100,,RU,,,07 Oct 2018,True,,China Post Registered Air Mail,,Color:black Ships From:China 
32595591034,,Покупатель AliExpress,100,,MX,,,09 Jan 2019,True,,China Post Registered Air Mail,,Color:blue Ships From:China 
32595591034,1883727566,S**n G.,100,,FR,,,03 Jan 2019,False,,AliExpress Standard Shipping,,Color:blue Ships From:China 
32595591034,732367036,B***e O.,100,,BR,,https://ae01.alicdn.com/kf/UTB8rXIahgnJXKJkSaelq6xUzXXa5.jpg_220x220.jpg,21 Nov 2018,False,,ePacket,,Color:black Ships From:China 
32595591034,1719460868,D*****y D.,100,,RU,,,15 Oct 2018,False,,AliExpress Standard Shipping,,Color:blue Ships From:China 
32595591034,757465298,C******s P.,100,,BR,M,https://ae01.alicdn.com/kf/UTB8qwCIjYnJXKJkSahGq6xhzFXad.jpg_220x220.jpg,28 Dec 2018,False,,ePacket,,Color:blue Ships From:China 
32595591034,740054574,R****t C.,100,,FR,M,https://gw.alicdn.com/tps/TB1CjX4LXXXXXbSXFXXXXXXXXXX-240-240.png,03 Sep 2018,False,,AliExpress Standard Shipping,,Color:blue Ships From:China 
32595591034,754811690,M*****d A.,100,,SA,M,https://ae01.alicdn.com/kf/UT823GDXAxXXXagOFbXB.jpg_220x220.jpg,26 Sep 2018,False,,Aliexpress Direct,,Color:black Ships From:China 
32595591034,,Покупатель AliExpress,100,,RU,,,23 Sep 2018,True,,China Post Registered Air Mail,,Color:blue Ships From:China 
32595591034,1858965896,F***d A.,100,,SA,M,https://ae01.alicdn.com/kf/UTB8FV4dFNHEXKJk43Jeq6yeeXXaX.jpg_220x220.jpg,20 Dec 2018,False,,Aliexpress Direct,,Color:blue Ships From:China 
32595591034,140544015,V*******r T.,100,,UA,M,https://ae01.alicdn.com/kf/UTB8mZB4jT_IXKJkSalUq6yBzVXa5.jpg_220x220.jpg,30 Nov 2018,False,,SF eParcel,,Color:red Ships From:China 
32595591034,,Покупатель AliExpress,100,,CL,,,07 Nov 2018,True,,AliExpress Standard Shipping,,Color:blue Ships From:China 
32595591034,185895784,E****d A.,100,,CO,M,https://ae01.alicdn.com/kf/UTB846sSldnJXKJkSaiyq6AhwXXar.jpg_220x220.jpg,10 Dec 2018,False,,AliExpress Standard Shipping,,Color:black Ships From:China 
32595591034,1902147978,S*****i B.,100,,BY,,,24 Jan 2019,False,,China Post Registered Air Mail,,Color:blue Ships From:China 
32595591034,,Покупатель AliExpress,100,,CL,M,,24 Oct 2018,True,,AliExpress Standard Shipping,,Color:black Ships From:China 
32595591034,1853949038,G****e U.,100,,BO,F,https://gw.alicdn.com/tps/TB1zA01LXXXXXc0XFXXXXXXXXXX-240-240.png,07 Dec 2018,False,,AliExpress Standard Shipping,,Color:blue Ships From:China 
32595591034,1777110892,F******k U.,100,,LK,,https://ae01.alicdn.com/kf/UTB8NZvgjHnJXKJkSahGq6xhzFXad.jpg_220x220.jpg,01 Jan 2019,False,,AliExpress Standard Shipping,,Color:red Ships From:China 
32595591034,1690857988,Ar J.,100,,AR,F,https://ae01.alicdn.com/kf/UTB8yhKtgFPJXKJkSahVq6xyzFXat.jpg_220x220.jpg,17 Oct 2018,False,,China Post Registered Air Mail,,Color:black Ships From:China 
32595591034,857985527,R*****o G.,100,,UY,M,https://ae01.alicdn.com/kf/UT8Y2k.XHpXXXagOFbXy.jpg_220x220.jpg,16 Nov 2018,False,,AliExpress Standard Shipping,,Color:red Ships From:China 
32595591034,840002677,D*****k S.,100,,PL,M,https://gw.alicdn.com/tps/TB1CjX4LXXXXXbSXFXXXXXXXXXX-240-240.png,15 Sep 2018,False,,SF eParcel,,Color:blue Ships From:China 
32595591034,1741125098,C******n B.,100,,AR,,https://ae01.alicdn.com/kf/UTB8EKBDvOaMiuJk43PTq6ySmXXaS.jpg_220x220.jpg,04 Oct 2018,False,,China Post Registered Air Mail,,Color:black Ships From:China 
32595591034,1835493022,M****l J.,100,,ES,,,23 Sep 2018,False,,AliExpress Standard Shipping,,Color:black Ships From:China 
32595591034,142877396,R****l V.,100,,BR,M,https://gw.alicdn.com/tps/TB1CjX4LXXXXXbSXFXXXXXXXXXX-240-240.png,05 Nov 2018,False,,ePacket,,Color:blue Ships From:China 
32595591034,896805478,G****e A.,80,,OM,,https://ae01.alicdn.com/kf/UTB8jN2gXjrEXKJk43Owq6zubXXaU.jpg_220x220.jpg,08 Feb 2019,False,,AliExpress Standard Shipping,,Color:red Ships From:China 
32595591034,779149188,S***a U.,80,,IT,M,https://gw.alicdn.com/tps/TB1CjX4LXXXXXbSXFXXXXXXXXXX-240-240.png,19 Feb 2019,False,,China Post Registered Air Mail,,Color:blue Ships From:China 
32595591034,700017434,O**r S.,80,,GE,M,https://ae01.alicdn.com/kf/HTB1waseJpXXXXclXpXXq6xXFXXXt.jpg_220x220.jpg,14 Feb 2019,False,,AliExpress Standard Shipping,,Color:black Ships From:China 
32595591034,782206995,N*r G.,80,,IL,,https://ae01.alicdn.com/kf/UTB8e6CCDxHEXKJk43Jeq6yeeXXa0.jpg_220x220.jpg,19 Feb 2019,False,,China Post Registered Air Mail,,Color:blue Ships From:China 
32595591034,141515505,R****l S.,80,,BR,M,https://ae01.alicdn.com/kf/UT8V4uGXtRaXXagOFbXa.jpg_220x220.jpg,25 Sep 2018,False,,AliExpress Standard Shipping,,Color:red Ships From:China 
32595591034,170401620,P***o M.,80,,PT,M,https://ae01.alicdn.com/kf/UTB84.VLgMQydeJk43PUq6AyQpXah.jpg_220x220.jpg,04 Sep 2018,False,,China Post Registered Air Mail,,Color:black Ships From:China 
32595591034,,Покупатель AliExpress,80,,CL,,,20 Sep 2018,True,,AliExpress Standard Shipping,,Color:blue Ships From:China 
32595591034,1874389982,N***a D.,80,,ES,,https://ae01.alicdn.com/kf/UTB8ZAb9nv2JXKJkSanrq6y3lVXa1.jpg_220x220.jpg,07 Feb 2019,False,,AliExpress Standard Shipping,,Color:blue Ships From:China 
32595591034,,Покупатель AliExpress,80,,FR,,,15 Sep 2018,True,,AliExpress Standard Shipping,,Color:blue Ships From:China 
32595591034,1656932492,L*****o J.,80,,MX,,,08 Jan 2019,False,,China Post Registered Air Mail,,Color:black Ships From:China 
32595591034,1714884084,J*************p J.,80,,ES,,https://ae01.alicdn.com/kf/UTB8djbNh9bIXKJkSaefq6yasXXaI.jpg_220x220.jpg,26 Sep 2018,False,,AliExpress Standard Shipping,,Color:blue Ships From:China 
32595591034,757699052,A*****w D.,80,,DE,M,https://ae01.alicdn.com/kf/UT81ZAhXupaXXagOFbXq.jpg_220x220.jpg,11 Dec 2018,False,,China Post Registered Air Mail,,Color:black Ships From:China 
32595591034,1706203927,A*****************a A.,80,,PT,M,https://gw.alicdn.com/tps/TB1CjX4LXXXXXbSXFXXXXXXXXXX-240-240.png,18 Dec 2018,False,,AliExpress Standard Shipping,,Color:black Ships From:China 
32595591034,,Покупатель AliExpress,80,,BY,,,16 Dec 2018,True,,China Post Registered Air Mail,,Color:blue Ships From:China 
32595591034,172860544,A*******r Z.,80,,UA,M,https://ae01.alicdn.com/kf/UTB8SUTScCnEXKJk43Ubq6zLppXag.jpg_220x220.jpg,07 Dec 2018,False,,China Post Registered Air Mail,,Color:black Ships From:China 
32595591034,807301388,R*****o B.,80,,CO,M,https://gw.alicdn.com/tps/TB1CjX4LXXXXXbSXFXXXXXXXXXX-240-240.png,01 Sep 2018,False,,AliExpress Standard Shipping,,Color:red Ships From:China 
32595591034,,Покупатель AliExpress,80,,IT,,,28 Dec 2018,True,,China Post Registered Air Mail,,Color:black Ships From:China 
32595591034,,Покупатель AliExpress,80,,RO,,,04 Sep 2018,True,,AliExpress Standard Shipping,,Color:red Ships From:China 
32595591034,,Покупатель AliExpress,80,,TH,,,22 Nov 2018,True,,ePacket,,Color:black Ships From:China 
32595591034,198368314,J**n M.,80,,US,,,14 Dec 2018,False,,ePacket,,Color:black Ships From:China 
32595591034,,Покупатель AliExpress,80,,KR,,,11 Dec 2018,True,,China Post Registered Air Mail,,Color:black Ships From:China 
32595591034,,Покупатель AliExpress,80,,ES,,,26 Nov 2018,True,,AliExpress Standard Shipping,,Color:black Ships From:China 
32595591034,1823782068,A**************s A.,80,,BR,,,29 Oct 2018,False,,AliExpress Standard Shipping,,Color:black Ships From:China 
32595591034,1814020921,J*********k A.,80,,RE,M,https://gw.alicdn.com/tps/TB1CjX4LXXXXXbSXFXXXXXXXXXX-240-240.png,21 Sep 2018,False,,AliExpress Standard Shipping,,Color:black Ships From:China 
32595591034,1678169480,C******v C.,80,,RU,,,05 Dec 2018,False,,China Post Registered Air Mail,,Color:blue Ships From:China 
32595591034,1644505817,R****n S.,80,,RU,M,https://gw.alicdn.com/tps/TB1CjX4LXXXXXbSXFXXXXXXXXXX-240-240.png,18 Dec 2018,False,,Posti Finland,,Color:blue Ships From:China 
32595591034,,Покупатель AliExpress,80,,BR,,,19 Dec 2018,True,,AliExpress Standard Shipping,,Color:blue Ships From:China 
32595591034,1705113885,Y**s M.,80,,BR,,,06 Sep 2018,False,,ePacket,,Color:blue Ships From:China 
32595591034,1815767359,E***a S.,100,Спасибо очки пришли.,RU,,https://ae01.alicdn.com/kf/UTB8iZUMBJoSdeJk43Owq6ya4XXag.jpg_220x220.jpg,21 Jan 2019,False,,Posti Finland,,Color:black Ships From:China 
32595591034,168584495,V******y V.,100,Всё отлично!!!!!!,RU,,https://ae01.alicdn.com/kf/UTB8zBE8oHnJXKJkSahGq6xhzFXah.jpg_220x220.jpg,12 Dec 2018,False,,Posti Finland,,Color:black Ships From:China 
32595591034,706398068,S***h A.,100,thank you ,KW,M,https://ae01.alicdn.com/kf/UTB8iRYsDGrFXKJk43Ovq6ybnpXaH.jpg_220x220.jpg,04 Feb 2019,False,['https://ae01.alicdn.com/kf/UTB8S0gRoevJXKJkSajhq6A7aFXac.jpg'],AliExpress Standard Shipping,['https://ae01.alicdn.com/kf/UTB8S0gRoevJXKJkSajhq6A7aFXac.jpg_220x220.jpg'],Color:black Ships From:China 
32595591034,914509484,J**n S.,100,Muy bueno,CO,M,https://ae01.alicdn.com/kf/UTB8EnGLtFfFXKJk43Otq6xIPFXaf.jpg_220x220.jpg,03 Nov 2018,False,"['https://ae01.alicdn.com/kf/UTB8DcG4kJnJXKJkSaiyq6AhwXXaR.jpg', 'https://ae01.alicdn.com/kf/UTB89CzFEGrFXKJk43Ovq6ybnpXa5.jpg', 'https://ae01.alicdn.com/kf/UTB8QIzckKvJXKJkSajhq6A7aFXaN.jpg']",AliExpress Standard Shipping,"['https://ae01.alicdn.com/kf/UTB8DcG4kJnJXKJkSaiyq6AhwXXaR.jpg_220x220.jpg', 'https://ae01.alicdn.com/kf/UTB89CzFEGrFXKJk43Ovq6ybnpXa5.jpg_220x220.jpg', 'https://ae01.alicdn.com/kf/UTB8QIzckKvJXKJkSajhq6A7aFXaN.jpg_220x220.jpg']",Color:red Ships From:China 
32595591034,914509484,J**n S.,100,Prácticas,CO,M,https://ae01.alicdn.com/kf/UTB8EnGLtFfFXKJk43Otq6xIPFXaf.jpg_220x220.jpg,03 Nov 2018,False,,AliExpress Standard Shipping,,Color:black Ships From:China 
32595591034,767394543,S****y P.,100,норм очки,KZ,M,https://ae01.alicdn.com/kf/UT8fDHaXtFaXXagOFbXu.jpg_220x220.jpg,12 Nov 2018,False,,China Post Registered Air Mail,,Color:red Ships From:China 
32595591034,767394543,S****y P.,100,супер,KZ,M,https://ae01.alicdn.com/kf/UT8fDHaXtFaXXagOFbXu.jpg_220x220.jpg,28 Sep 2018,False,['https://ae01.alicdn.com/kf/UTB8E_jtjD_IXKJkSalUq6yBzVXaO.jpg'],China Post Registered Air Mail,['https://ae01.alicdn.com/kf/UTB8E_jtjD_IXKJkSalUq6yBzVXaO.jpg_220x220.jpg'],Color:black Ships From:China 
32595591034,168584495,V******y V.,100,"Всё отлично, продавец супер!!!! Товаром довольна!!! Ещё  Будем  заказывать",RU,,https://ae01.alicdn.com/kf/UTB8zBE8oHnJXKJkSahGq6xhzFXah.jpg_220x220.jpg,14 Nov 2018,False,"['https://ae01.alicdn.com/kf/UTB8BKYqEiaMiuJk43PTq6ySmXXaB.jpg', 'https://ae01.alicdn.com/kf/UTB8L5aqFmnEXKJk43Ubq6zLppXaw.jpg', 'https://ae01.alicdn.com/kf/UTB8IZ.nERahduJk43Jaq6zM8FXae.jpg', 'https://ae01.alicdn.com/kf/UTB8RQKAFiDEXKJk43Oqq6Az3XXat.jpg']",China Post Registered Air Mail,"['https://ae01.alicdn.com/kf/UTB8BKYqEiaMiuJk43PTq6ySmXXaB.jpg_220x220.jpg', 'https://ae01.alicdn.com/kf/UTB8L5aqFmnEXKJk43Ubq6zLppXaw.jpg_220x220.jpg', 'https://ae01.alicdn.com/kf/UTB8IZ.nERahduJk43Jaq6zM8FXae.jpg_220x220.jpg', 'https://ae01.alicdn.com/kf/UTB8RQKAFiDEXKJk43Oqq6Az3XXat.jpg_220x220.jpg']",Color:blue Ships From:China 
32595591034,1651078981,M****l N.,100,"Thank you, super,super.",CZ,,,02 Nov 2018,False,,China Post Registered Air Mail,,Color:black Ships From:China 
32595591034,,Покупатель AliExpress,100,"Igual a la descripción. 
Un poco apretados en la zona de las orejas.
",CL,,,29 Nov 2018,True,,AliExpress Standard Shipping,,Color:blue Ships From:China 
32595591034,1815476356,N*****n A.,40,"O produto chegou bem rápido, mas fiquei descontente quando vi que das 5 lentes, apenas uma era polarizada.",BR,,,25 Dec 2018,False,,AliExpress Standard Shipping,,Color:black Ships From:China 
32595591034,818829604,J****r R.,40,never arrived,US,,https://ae01.alicdn.com/kf/UTB8RRDXXn_IXKJkSalUq6yBzVXak.jpg_220x220.jpg,10 Oct 2018,False,,AliExpress Standard Shipping,,Color:black Ships From:China 
32595591034,1625060497,L*******************o L.,100,,CL,,,28 Nov 2018,False,,AliExpress Standard Shipping,,Color:black Ships From:China 
32595591034,180404451,D****n S.,100,,BR,M,https://ae01.alicdn.com/kf/UTB8HKV7u0oSdeJk43Owq6ya4XXax.jpg_220x220.jpg,15 Jan 2019,False,,AliExpress Standard Shipping,,Color:black Ships From:China 
32595591034,809495963,C****s A.,100,,CL,M,https://ae01.alicdn.com/kf/UTB8n2sisGrFXKJk43Ovq6ybnpXaY.jpg_220x220.jpg,09 Feb 2019,False,,AliExpress Standard Shipping,,Color:black Ships From:China 
32595591034,1677029233,M****l L.,100,,PT,,,10 Nov 2018,False,,China Post Registered Air Mail,,Color:blue Ships From:China 
32595591034,838079791,J**e S.,100,,BR,M,https://gw.alicdn.com/tps/TB1CjX4LXXXXXbSXFXXXXXXXXXX-240-240.png,25 Jan 2019,False,,ePacket,,Color:blue Ships From:China 
32595591034,851780989,E*****o S.,100,,BR,,https://ae01.alicdn.com/kf/UT8JqIPXT0XXXagOFbXu.jpg_220x220.jpg,10 Oct 2018,False,,AliExpress Standard Shipping,,Color:black Ships From:China 
32595591034,1706136744,J***k K.,100,,PL,,https://ae01.alicdn.com/kf/UTB8_YGWitnJXKJkSaiyq6AhwXXaw.jpg_220x220.jpg,26 Sep 2018,False,,SF eParcel,,Color:blue Ships From:China 
32595591034,822580910,R***n B.,100,,CO,M,https://ae01.alicdn.com/kf/UT8lV7UXMdXXXagOFbX4.jpg_220x220.jpg,06 Oct 2018,False,,AliExpress Standard Shipping,,Color:red Ships From:China 
32595591034,809495963,C****s A.,100,,CL,M,https://ae01.alicdn.com/kf/UTB8n2sisGrFXKJk43Ovq6ybnpXaY.jpg_220x220.jpg,09 Feb 2019,False,,AliExpress Standard Shipping,,Color:blue Ships From:China 
32595591034,1771894845,M*******a T.,100,,PE,F,https://gw.alicdn.com/tps/TB1zA01LXXXXXc0XFXXXXXXXXXX-240-240.png,05 Jan 2019,False,,AliExpress Standard Shipping,,Color:black Ships From:China 
32595591034,173795515,J*n L.,100,,ES,M,https://ae01.alicdn.com/kf/UT8rpaJXsRbXXagOFbXm.jpg_220x220.jpg,10 Oct 2018,False,,AliExpress Standard Shipping,,Color:red Ships From:China 
32595591034,758818399,M***s K.,100,,LV,M,https://ae01.alicdn.com/kf/UT8_sxqXQXaXXagOFbX7.jpg_220x220.jpg,23 Oct 2018,False,,AliExpress Standard Shipping,,Color:black Ships From:China 
32595591034,764142300,O****a P.,100,,UA,F,https://gw.alicdn.com/tps/TB1zA01LXXXXXc0XFXXXXXXXXXX-240-240.png,24 Dec 2018,False,,SF eParcel,,Color:blue Ships From:China 
32595591034,193121696,A*******e M.,100,,BR,,,15 Jan 2019,False,,AliExpress Standard Shipping,,Color:black Ships From:China 
32595591034,851780989,E*****o S.,100,,BR,,https://ae01.alicdn.com/kf/UT8JqIPXT0XXXagOFbXu.jpg_220x220.jpg,07 Nov 2018,False,,AliExpress Standard Shipping,,Color:blue Ships From:China 
32595591034,764142300,O****a P.,100,,UA,F,https://gw.alicdn.com/tps/TB1zA01LXXXXXc0XFXXXXXXXXXX-240-240.png,06 Dec 2018,False,,SF eParcel,,Color:black Ships From:China 
32595591034,809495963,C****s A.,100,,CL,M,https://ae01.alicdn.com/kf/UTB8n2sisGrFXKJk43Ovq6ybnpXaY.jpg_220x220.jpg,26 Dec 2018,False,['https://ae01.alicdn.com/kf/UTB8IdFQmFPJXKJkSahVq6xyzFXad.jpg'],AliExpress Standard Shipping,['https://ae01.alicdn.com/kf/UTB8IdFQmFPJXKJkSahVq6xyzFXad.jpg_220x220.jpg'],Color:black Ships From:China 
32595591034,117218537,S******o L.,100,,ID,M,https://gw.alicdn.com/tps/TB1CjX4LXXXXXbSXFXXXXXXXXXX-240-240.png,05 Jan 2019,False,,China Post Registered Air Mail,,Color:black Ships From:China 
32595591034,851780989,E*****o S.,100,,BR,,https://ae01.alicdn.com/kf/UT8JqIPXT0XXXagOFbXu.jpg_220x220.jpg,10 Oct 2018,False,,AliExpress Standard Shipping,,Color:red Ships From:China 
32595591034,121832422,M*********o P.,100,,AR,M,https://ae01.alicdn.com/kf/HTB1FA.sJpXXXXcYXpXXq6xXFXXXj.jpg_220x220.jpg,20 Nov 2018,False,,China Post Registered Air Mail,,Color:black Ships From:China 
32595591034,748492758,A***n I.,100,,TR,M,https://gw.alicdn.com/tps/TB1CjX4LXXXXXbSXFXXXXXXXXXX-240-240.png,08 Oct 2018,False,,China Post Registered Air Mail,,Color:blue Ships From:China 
32595591034,809495963,C****s A.,100,,CL,M,https://ae01.alicdn.com/kf/UTB8n2sisGrFXKJk43Ovq6ybnpXaY.jpg_220x220.jpg,09 Feb 2019,False,,AliExpress Standard Shipping,,Color:red Ships From:China 
32595591034,844982052,J**n F.,100,,us,,https://ae01.alicdn.com/kf/UTB8fqTkio_4iuJk43Fqq6z.FpXaa.jpg_220x220.jpg,26 Dec 2018,False,,AliExpress Standard Shipping,,Color:black Ships From:China 
32595591034,748492758,A***n I.,100,,TR,M,https://gw.alicdn.com/tps/TB1CjX4LXXXXXbSXFXXXXXXXXXX-240-240.png,08 Oct 2018,False,,China Post Registered Air Mail,,Color:black Ships From:China 
32595591034,180404451,D****n S.,100,,BR,M,https://ae01.alicdn.com/kf/UTB8HKV7u0oSdeJk43Owq6ya4XXax.jpg_220x220.jpg,15 Jan 2019,False,,AliExpress Standard Shipping,,Color:red Ships From:China 
32595591034,,Покупатель AliExpress,100,,RU,,,17 Dec 2018,True,,China Post Registered Air Mail,,Color:black Ships From:China 
32595591034,764142300,O****a P.,100,,UA,F,https://gw.alicdn.com/tps/TB1zA01LXXXXXc0XFXXXXXXXXXX-240-240.png,24 Dec 2018,False,,SF eParcel,,Color:black Ships From:China 
32595591034,117218537,S******o L.,100,,ID,M,https://gw.alicdn.com/tps/TB1CjX4LXXXXXbSXFXXXXXXXXXX-240-240.png,05 Jan 2019,False,,China Post Registered Air Mail,,Color:red Ships From:China 
32595591034,924112000,U**t I.,100,,TR,M,https://ae01.alicdn.com/kf/UTB8Q9JRt5aMiuJk43PTq6ySmXXaN.jpg_220x220.jpg,31 Jan 2019,False,,China Post Registered Air Mail,,Color:blue Ships From:China 
32595591034,,Покупатель AliExpress,100,,PL,M,,19 Oct 2018,True,,AliExpress Standard Shipping,,Color:red Ships From:China 
32595591034,844982052,J**n F.,100,,us,,https://ae01.alicdn.com/kf/UTB8fqTkio_4iuJk43Fqq6z.FpXaa.jpg_220x220.jpg,26 Dec 2018,False,,AliExpress Standard Shipping,,Color:blue Ships From:China 
32595591034,173795515,J*n L.,100,,ES,M,https://ae01.alicdn.com/kf/UT8rpaJXsRbXXagOFbXm.jpg_220x220.jpg,10 Oct 2018,False,,AliExpress Standard Shipping,,Color:black Ships From:China 
32595591034,851780989,E*****o S.,100,,BR,,https://ae01.alicdn.com/kf/UT8JqIPXT0XXXagOFbXu.jpg_220x220.jpg,09 Oct 2018,False,,AliExpress Standard Shipping,,Color:blue Ships From:China 
32595591034,,Покупатель AliExpress,100,,AU,,,13 Feb 2019,True,,China Post Registered Air Mail,,Color:black Ships From:China 
32595591034,1614466087,I**********i I.,100,,ID,F,https://ae01.alicdn.com/kf/UTB8KaHqhf2JXKJkSanrq6y3lVXaJ.jpg_220x220.jpg,19 Sep 2018,False,,China Post Registered Air Mail,,Color:black Ships From:China 
32595591034,1625060497,L*******************o L.,100,,CL,,,07 Nov 2018,False,,AliExpress Standard Shipping,,Color:red Ships From:China 
32595591034,182503303,E***k A.,100,,BR,M,https://ae01.alicdn.com/kf/UT8Z3MtXz0aXXagOFbXD.jpg_220x220.jpg,09 Jan 2019,False,,AliExpress Standard Shipping,,Color:black Ships From:China 
32595591034,911696508,F****k D.,100,,FR,M,https://ae01.alicdn.com/kf/UTB8Sn0hXVPJXKJkSahVq6xyzFXap.jpg_220x220.jpg,20 Sep 2018,False,,AliExpress Standard Shipping,,Color:black Ships From:China 
32595591034,1625060497,L*******************o L.,100,,CL,,,29 Nov 2018,False,,AliExpress Standard Shipping,,Color:blue Ships From:China 
32595591034,1615911598,L**s B.,100,,PE,M,https://gw.alicdn.com/tps/TB1CjX4LXXXXXbSXFXXXXXXXXXX-240-240.png,14 Dec 2018,False,,China Post Registered Air Mail,,Color:blue Ships From:China 
32595591034,809495963,C****s A.,100,,CL,M,https://ae01.alicdn.com/kf/UTB8n2sisGrFXKJk43Ovq6ybnpXaY.jpg_220x220.jpg,12 Jan 2019,False,,AliExpress Standard Shipping,,Color:black Ships From:China 
32595591034,,Покупатель AliExpress,80,,CL,,,20 Sep 2018,True,,AliExpress Standard Shipping,,Color:red Ships From:China 
32595591034,851780989,E*****o S.,80,,BR,,https://ae01.alicdn.com/kf/UT8JqIPXT0XXXagOFbXu.jpg_220x220.jpg,04 Dec 2018,False,,AliExpress Standard Shipping,,Color:blue Ships From:China 
