buyerFeedback,buyerEval,buyerCountry,thumbnail,evalDate,buyerId,skuInfo,buyerName,image,logistics,buyerHeadPortrait,buyerGender,anonymous
muito bom o produto....,100,BR,,21 Feb 2019,914695337,Color:black Ships From:China ,T***o S.,,ePacket,,,False
"Muito bom, pelo preço é excelente!",100,BR,https://ae01.alicdn.com/kf/UTB8kVfVi3nJXKJkSaelq6xUzXXa9.jpg_220x220.jpg,13 Sep 2018,187949028,Color:black Ships From:China ,D****y D.,https://ae01.alicdn.com/kf/UTB8kVfVi3nJXKJkSaelq6xUzXXa9.jpg,ePacket,https://ae01.alicdn.com/kf/UT8Huq6X9VbXXagOFbXU.jpg_220x220.jpg,M,False
отличные очки. купил на распродаже за 700 рублей.,100,RU,https://ae01.alicdn.com/kf/UTB83Uc5F5DEXKJk43Oqq6Az3XXas.jpg_220x220.jpg,13 Dec 2018,754007151,Color:black Ships From:China ,A*******r C.,https://ae01.alicdn.com/kf/UTB83Uc5F5DEXKJk43Oqq6Az3XXas.jpg,China Post Registered Air Mail,https://ae01.alicdn.com/kf/UT853U4XShXXXagOFbXW.jpg_220x220.jpg,M,False
"Vandaag deze fietsbril ontvangen. Er zat precies 10 dagen tussen bestellen en ontvangen en dat mag dus een snelle service genoemd worden. Zeer complete uitrusting en prima kwaliteit voor een hele vriendelijke prijs. Morgen ga ik de bril voor het eerst gebruiken, maar ben nu al blij met deze aankoop.",100,NL,https://ae01.alicdn.com/kf/UTB8sRIXDGrFXKJk43Ovq6ybnpXat.jpg_220x220.jpg,04 Oct 2018,1845926760,Color:red Ships From:China ,M****l K.,https://ae01.alicdn.com/kf/UTB8sRIXDGrFXKJk43Ovq6ybnpXat.jpg,AliExpress Standard Shipping,https://gw.alicdn.com/tps/TB1CjX4LXXXXXbSXFXXXXXXXXXX-240-240.png,M,False
Polecam. Towar zgodny z opisem.,100,PL,https://ae01.alicdn.com/kf/UTB8b6uLCwQydeJk43PUq6AyQpXaB.jpg_220x220.jpg,31 Aug 2018,1646836761,Color:red Ships From:China ,A***r J.,https://ae01.alicdn.com/kf/UTB8b6uLCwQydeJk43PUq6AyQpXaB.jpg,SF eParcel,https://ae01.alicdn.com/kf/UTB8AVVxo4HEXKJk43Jeq6yeeXXan.jpg_220x220.jpg,M,False
가격 대비 제품이 아주 좋습니다. 100% 만족합니다. ,100,KR,https://ae01.alicdn.com/kf/UTB8w_oij9bIXKJkSaefq6yasXXaD.jpg_220x220.jpg,17 Oct 2018,135729152,Color:blue Ships From:China ,H*****n K.,https://ae01.alicdn.com/kf/UTB8w_oij9bIXKJkSaefq6yasXXaD.jpg,China Post Registered Air Mail,https://ae01.alicdn.com/kf/UTB8Q8Mif5aMiuJk43PTq6ySmXXaR.jpg_220x220.jpg,M,False
Okulary dotarły wszystko ok polecam sprzedawcę,100,PL,https://ae01.alicdn.com/kf/UTB82wdMnn_IXKJkSalUq6yBzVXaU.jpg_220x220.jpg,09 Jan 2019,133710340,Color:black Ships From:China ,K******n K.,https://ae01.alicdn.com/kf/UTB82wdMnn_IXKJkSalUq6yBzVXaU.jpg,SF eParcel,https://ae01.alicdn.com/kf/UTB8oU0OXD_IXKJkSalUq6yBzVXaq.jpg_220x220.jpg,M,False
Daño en el material dificultad para abrir y cerrar,100,CR,https://ae01.alicdn.com/kf/UTB8Y_9TjuvJXKJkSajhq6A7aFXas.jpg_220x220.jpg,27 Sep 2018,1768869319,Color:black Ships From:China ,F******k C.,https://ae01.alicdn.com/kf/UTB8Y_9TjuvJXKJkSajhq6A7aFXas.jpg,AliExpress Standard Shipping,https://ae01.alicdn.com/kf/UTB8_151eYPJXKJkSafSq6yqUXXaL.jpg_220x220.jpg,,False
muito bom top adorei..vou comprar mais 2.,100,BR,https://ae01.alicdn.com/kf/UTB86EeVmpPJXKJkSahVq6xyzFXaN.jpg_220x220.jpg,20 Dec 2018,177872143,Color:red Ships From:China ,M****s S.,https://ae01.alicdn.com/kf/UTB86EeVmpPJXKJkSahVq6xyzFXaN.jpg,AliExpress Standard Shipping,https://ae01.alicdn.com/kf/UT8P9G3XAtaXXagOFbX4.jpg_220x220.jpg,M,False
Спасибо все дошло в лучшем виде)),100,UA,https://ae01.alicdn.com/kf/UTB8PbaFjbPJXKJkSafSq6yqUXXao.jpg_220x220.jpg,19 Sep 2018,875102797,Color:blue Ships From:China ,J*****i J.,https://ae01.alicdn.com/kf/UTB8PbaFjbPJXKJkSafSq6yqUXXao.jpg,SF eParcel,https://ae01.alicdn.com/kf/UT83CmLXZ4XXXagOFbXS.jpg_220x220.jpg,M,False
"ótimo produto, entrega rápida!!!",100,BR,https://ae01.alicdn.com/kf/UTB8fKCzndnJXKJkSaiyq6AhwXXaB.jpg_220x220.jpg,10 Jan 2019,1868029799,Color:black Ships From:China ,F******k U.,https://ae01.alicdn.com/kf/UTB8fKCzndnJXKJkSaiyq6AhwXXaB.jpg,AliExpress Standard Shipping,https://ae01.alicdn.com/kf/UTB832OnmHnJXKJkSahGq6xhzFXaN.jpg_220x220.jpg,,False
fantastic,100,PT,https://ae01.alicdn.com/kf/UTB8nUQbH0oSdeJk43Owq6ya4XXaG.jpg_220x220.jpg,12 Feb 2019,,Color:black Ships From:China ,Покупатель AliExpress,https://ae01.alicdn.com/kf/UTB8nUQbH0oSdeJk43Owq6ya4XXaG.jpg,China Post Registered Air Mail,,M,True
Idêntico a foto,100,BR,https://ae01.alicdn.com/kf/UTB8fpU_mYPJXKJkSafSq6yqUXXaI.jpg_220x220.jpg,07 Jan 2019,1632554955,Color:red Ships From:China ,Br T.,https://ae01.alicdn.com/kf/UTB8fpU_mYPJXKJkSafSq6yqUXXaI.jpg,AliExpress Standard Shipping,https://gw.alicdn.com/tps/TB1zA01LXXXXXc0XFXXXXXXXXXX-240-240.png,F,False
As usual goods arrived in time and in good quality.,100,CZ,,06 Feb 2019,904312199,Color:black Ships From:China ,O****j Z.,,China Post Registered Air Mail,https://ae01.alicdn.com/kf/UTB8OqGpchHEXKJk43Jeq6yeeXXaz.jpg_220x220.jpg,M,False
شكراً للتاجر,100,SA,https://ae01.alicdn.com/kf/UTB8btqJkTzIXKJkSafVq6yWgXXaZ.jpg_220x220.jpg,02 Nov 2018,176297025,Color:black Ships From:China ,M****l A.,https://ae01.alicdn.com/kf/UTB8btqJkTzIXKJkSafVq6yWgXXaZ.jpg,Aliexpress Direct,https://ae01.alicdn.com/kf/UT8mByMXsJbXXagOFbX3.jpg_220x220.jpg,M,False
nice sunglasses ,100,KW,https://ae01.alicdn.com/kf/UTB8fOSJGhHEXKJk43Jeq6yeeXXaw.jpg_220x220.jpg,17 Dec 2018,706398068,Color:black Ships From:China ,S***h A.,https://ae01.alicdn.com/kf/UTB8fOSJGhHEXKJk43Jeq6yeeXXaw.jpg,AliExpress Standard Shipping,https://ae01.alicdn.com/kf/UTB8iRYsDGrFXKJk43Ovq6ybnpXaH.jpg_220x220.jpg,M,False
buen producto,100,MX,https://ae01.alicdn.com/kf/UTB8.rXYDmnEXKJk43Ubq6zLppXa9.jpg_220x220.jpg,11 Sep 2018,1619510925,Color:red Ships From:China ,F******k U.,https://ae01.alicdn.com/kf/UTB8.rXYDmnEXKJk43Ubq6zLppXa9.jpg,China Post Registered Air Mail,https://ae01.alicdn.com/kf/UTB8w01syMQydeJk43PUq6AyQpXar.jpg_220x220.jpg,M,False
очки отличные,100,RU,https://ae01.alicdn.com/kf/UTB8h_lzENHEXKJk43Jeq6yeeXXax.jpg_220x220.jpg,30 Oct 2018,163481296,Color:red Ships From:China ,A***r Z.,https://ae01.alicdn.com/kf/UTB8h_lzENHEXKJk43Jeq6yeeXXax.jpg,AliExpress Standard Shipping,https://ae01.alicdn.com/kf/UTB8IyiOlo_4iuJk43Fqq6z.FpXaT.jpg_220x220.jpg,M,False
Спасибо продавцу за заказ! Заказ пришел до Ростовской области за 20 дней - очень быстро! Качество как всегда на высоте! Остался доволен.,100,CZ,,27 Jan 2019,1751652340,Color:blue Ships From:China ,S***a F.,,Posti Finland,,,False
"В Питер дошло с момента оплаты заказа (20.01.2019) за 23 дня (12.02.2019) правда продавец отправил заказ 26.01.2019. Очки неплохие за свои деньги. Жаль только пляризационная линза только одна. Но теперь мне как очкарику будет комфортно катать в солнечную погоду, так как в комплекте идет вставка под линзы с диоптриями.",100,RU,,12 Feb 2019,144119419,Color:blue Ships From:China ,Y***y V.,,Posti Finland,https://gw.alicdn.com/tps/TB1CjX4LXXXXXbSXFXXXXXXXXXX-240-240.png,M,False
muito bom o produto....,100,BR,,21 Feb 2019,914695337,Color:black Ships From:China ,T***o S.,,ePacket,,,False
"Muito bom, pelo preço é excelente!",100,BR,https://ae01.alicdn.com/kf/UTB8kVfVi3nJXKJkSaelq6xUzXXa9.jpg_220x220.jpg,13 Sep 2018,187949028,Color:black Ships From:China ,D****y D.,https://ae01.alicdn.com/kf/UTB8kVfVi3nJXKJkSaelq6xUzXXa9.jpg,ePacket,https://ae01.alicdn.com/kf/UT8Huq6X9VbXXagOFbXU.jpg_220x220.jpg,M,False
отличные очки. купил на распродаже за 700 рублей.,100,RU,https://ae01.alicdn.com/kf/UTB83Uc5F5DEXKJk43Oqq6Az3XXas.jpg_220x220.jpg,13 Dec 2018,754007151,Color:black Ships From:China ,A*******r C.,https://ae01.alicdn.com/kf/UTB83Uc5F5DEXKJk43Oqq6Az3XXas.jpg,China Post Registered Air Mail,https://ae01.alicdn.com/kf/UT853U4XShXXXagOFbXW.jpg_220x220.jpg,M,False
"Vandaag deze fietsbril ontvangen. Er zat precies 10 dagen tussen bestellen en ontvangen en dat mag dus een snelle service genoemd worden. Zeer complete uitrusting en prima kwaliteit voor een hele vriendelijke prijs. Morgen ga ik de bril voor het eerst gebruiken, maar ben nu al blij met deze aankoop.",100,NL,https://ae01.alicdn.com/kf/UTB8sRIXDGrFXKJk43Ovq6ybnpXat.jpg_220x220.jpg,04 Oct 2018,1845926760,Color:red Ships From:China ,M****l K.,https://ae01.alicdn.com/kf/UTB8sRIXDGrFXKJk43Ovq6ybnpXat.jpg,AliExpress Standard Shipping,https://gw.alicdn.com/tps/TB1CjX4LXXXXXbSXFXXXXXXXXXX-240-240.png,M,False
Polecam. Towar zgodny z opisem.,100,PL,https://ae01.alicdn.com/kf/UTB8b6uLCwQydeJk43PUq6AyQpXaB.jpg_220x220.jpg,31 Aug 2018,1646836761,Color:red Ships From:China ,A***r J.,https://ae01.alicdn.com/kf/UTB8b6uLCwQydeJk43PUq6AyQpXaB.jpg,SF eParcel,https://ae01.alicdn.com/kf/UTB8AVVxo4HEXKJk43Jeq6yeeXXan.jpg_220x220.jpg,M,False
가격 대비 제품이 아주 좋습니다. 100% 만족합니다. ,100,KR,https://ae01.alicdn.com/kf/UTB8w_oij9bIXKJkSaefq6yasXXaD.jpg_220x220.jpg,17 Oct 2018,135729152,Color:blue Ships From:China ,H*****n K.,https://ae01.alicdn.com/kf/UTB8w_oij9bIXKJkSaefq6yasXXaD.jpg,China Post Registered Air Mail,https://ae01.alicdn.com/kf/UTB8Q8Mif5aMiuJk43PTq6ySmXXaR.jpg_220x220.jpg,M,False
Okulary dotarły wszystko ok polecam sprzedawcę,100,PL,https://ae01.alicdn.com/kf/UTB82wdMnn_IXKJkSalUq6yBzVXaU.jpg_220x220.jpg,09 Jan 2019,133710340,Color:black Ships From:China ,K******n K.,https://ae01.alicdn.com/kf/UTB82wdMnn_IXKJkSalUq6yBzVXaU.jpg,SF eParcel,https://ae01.alicdn.com/kf/UTB8oU0OXD_IXKJkSalUq6yBzVXaq.jpg_220x220.jpg,M,False
Daño en el material dificultad para abrir y cerrar,100,CR,https://ae01.alicdn.com/kf/UTB8Y_9TjuvJXKJkSajhq6A7aFXas.jpg_220x220.jpg,27 Sep 2018,1768869319,Color:black Ships From:China ,F******k C.,https://ae01.alicdn.com/kf/UTB8Y_9TjuvJXKJkSajhq6A7aFXas.jpg,AliExpress Standard Shipping,https://ae01.alicdn.com/kf/UTB8_151eYPJXKJkSafSq6yqUXXaL.jpg_220x220.jpg,,False
muito bom top adorei..vou comprar mais 2.,100,BR,https://ae01.alicdn.com/kf/UTB86EeVmpPJXKJkSahVq6xyzFXaN.jpg_220x220.jpg,20 Dec 2018,177872143,Color:red Ships From:China ,M****s S.,https://ae01.alicdn.com/kf/UTB86EeVmpPJXKJkSahVq6xyzFXaN.jpg,AliExpress Standard Shipping,https://ae01.alicdn.com/kf/UT8P9G3XAtaXXagOFbX4.jpg_220x220.jpg,M,False
Спасибо все дошло в лучшем виде)),100,UA,https://ae01.alicdn.com/kf/UTB8PbaFjbPJXKJkSafSq6yqUXXao.jpg_220x220.jpg,19 Sep 2018,875102797,Color:blue Ships From:China ,J*****i J.,https://ae01.alicdn.com/kf/UTB8PbaFjbPJXKJkSafSq6yqUXXao.jpg,SF eParcel,https://ae01.alicdn.com/kf/UT83CmLXZ4XXXagOFbXS.jpg_220x220.jpg,M,False
"ótimo produto, entrega rápida!!!",100,BR,https://ae01.alicdn.com/kf/UTB8fKCzndnJXKJkSaiyq6AhwXXaB.jpg_220x220.jpg,10 Jan 2019,1868029799,Color:black Ships From:China ,F******k U.,https://ae01.alicdn.com/kf/UTB8fKCzndnJXKJkSaiyq6AhwXXaB.jpg,AliExpress Standard Shipping,https://ae01.alicdn.com/kf/UTB832OnmHnJXKJkSahGq6xhzFXaN.jpg_220x220.jpg,,False
fantastic,100,PT,https://ae01.alicdn.com/kf/UTB8nUQbH0oSdeJk43Owq6ya4XXaG.jpg_220x220.jpg,12 Feb 2019,,Color:black Ships From:China ,Покупатель AliExpress,https://ae01.alicdn.com/kf/UTB8nUQbH0oSdeJk43Owq6ya4XXaG.jpg,China Post Registered Air Mail,,M,True
Idêntico a foto,100,BR,https://ae01.alicdn.com/kf/UTB8fpU_mYPJXKJkSafSq6yqUXXaI.jpg_220x220.jpg,07 Jan 2019,1632554955,Color:red Ships From:China ,Br T.,https://ae01.alicdn.com/kf/UTB8fpU_mYPJXKJkSafSq6yqUXXaI.jpg,AliExpress Standard Shipping,https://gw.alicdn.com/tps/TB1zA01LXXXXXc0XFXXXXXXXXXX-240-240.png,F,False
As usual goods arrived in time and in good quality.,100,CZ,,06 Feb 2019,904312199,Color:black Ships From:China ,O****j Z.,,China Post Registered Air Mail,https://ae01.alicdn.com/kf/UTB8OqGpchHEXKJk43Jeq6yeeXXaz.jpg_220x220.jpg,M,False
شكراً للتاجر,100,SA,https://ae01.alicdn.com/kf/UTB8btqJkTzIXKJkSafVq6yWgXXaZ.jpg_220x220.jpg,02 Nov 2018,176297025,Color:black Ships From:China ,M****l A.,https://ae01.alicdn.com/kf/UTB8btqJkTzIXKJkSafVq6yWgXXaZ.jpg,Aliexpress Direct,https://ae01.alicdn.com/kf/UT8mByMXsJbXXagOFbX3.jpg_220x220.jpg,M,False
nice sunglasses ,100,KW,https://ae01.alicdn.com/kf/UTB8fOSJGhHEXKJk43Jeq6yeeXXaw.jpg_220x220.jpg,17 Dec 2018,706398068,Color:black Ships From:China ,S***h A.,https://ae01.alicdn.com/kf/UTB8fOSJGhHEXKJk43Jeq6yeeXXaw.jpg,AliExpress Standard Shipping,https://ae01.alicdn.com/kf/UTB8iRYsDGrFXKJk43Ovq6ybnpXaH.jpg_220x220.jpg,M,False
buen producto,100,MX,https://ae01.alicdn.com/kf/UTB8.rXYDmnEXKJk43Ubq6zLppXa9.jpg_220x220.jpg,11 Sep 2018,1619510925,Color:red Ships From:China ,F******k U.,https://ae01.alicdn.com/kf/UTB8.rXYDmnEXKJk43Ubq6zLppXa9.jpg,China Post Registered Air Mail,https://ae01.alicdn.com/kf/UTB8w01syMQydeJk43PUq6AyQpXar.jpg_220x220.jpg,M,False
очки отличные,100,RU,https://ae01.alicdn.com/kf/UTB8h_lzENHEXKJk43Jeq6yeeXXax.jpg_220x220.jpg,30 Oct 2018,163481296,Color:red Ships From:China ,A***r Z.,https://ae01.alicdn.com/kf/UTB8h_lzENHEXKJk43Jeq6yeeXXax.jpg,AliExpress Standard Shipping,https://ae01.alicdn.com/kf/UTB8IyiOlo_4iuJk43Fqq6z.FpXaT.jpg_220x220.jpg,M,False
Спасибо продавцу за заказ! Заказ пришел до Ростовской области за 20 дней - очень быстро! Качество как всегда на высоте! Остался доволен.,100,CZ,,27 Jan 2019,1751652340,Color:blue Ships From:China ,S***a F.,,Posti Finland,,,False
"В Питер дошло с момента оплаты заказа (20.01.2019) за 23 дня (12.02.2019) правда продавец отправил заказ 26.01.2019. Очки неплохие за свои деньги. Жаль только пляризационная линза только одна. Но теперь мне как очкарику будет комфортно катать в солнечную погоду, так как в комплекте идет вставка под линзы с диоптриями.",100,RU,,12 Feb 2019,144119419,Color:blue Ships From:China ,Y***y V.,,Posti Finland,https://gw.alicdn.com/tps/TB1CjX4LXXXXXbSXFXXXXXXXXXX-240-240.png,M,False
المنتج ممتاز,100,EG,https://ae01.alicdn.com/kf/UTB8aMu3DWrFXKJk43Ovq6ybnpXat.jpg_220x220.jpg,11 Oct 2018,,Color:blue Ships From:China ,Покупатель AliExpress,https://ae01.alicdn.com/kf/UTB8aMu3DWrFXKJk43Ovq6ybnpXat.jpg,AliExpress Standard Shipping,,M,True
Rápido y como se anuncia.Mejor no desmontar las patillas.,100,ES,,24 Sep 2018,184613823,Color:blue Ships From:China ,J***o A.,,AliExpress Standard Shipping,https://ae01.alicdn.com/kf/UTB8uGvajwnJXKJkSaelq6xUzXXaZ.jpg_220x220.jpg,M,False
"доставка до самары 11.11- 10.12. Очки хорошие, смотрятся классно, но отмечу один недостаток. Попытался поменять дужки на ремешок так не смог снять, и кнопку жал и провернуть пытался - дужка немного сдвигается, но не вытаскивается.",80,RU,https://ae01.alicdn.com/kf/UTB8fROLGXfFXKJk43Otq6xIPFXaP.jpg_220x220.jpg,17 Dec 2018,,Color:blue Ships From:China ,Покупатель AliExpress,https://ae01.alicdn.com/kf/UTB8fROLGXfFXKJk43Otq6xIPFXaP.jpg,China Post Registered Air Mail,,,True
"Поразил богатый комплект - твердый чехол, несколько разных стекол, тряпочка, резинка на голову, веровка",100,RU,,20 Sep 2018,101984000,Color:red Ships From:China ,G****t V.,,AliExpress Standard Shipping,https://gw.alicdn.com/tps/TB1CjX4LXXXXXbSXFXXXXXXXXXX-240-240.png,M,False
Очки хорошие. Только одни линзы поляризованные. Остальные просто светофильтр. Прочные и удобные.,100,RU,,26 Sep 2018,795001007,Color:blue Ships From:China ,M*. S.,,China Post Registered Air Mail,https://ae01.alicdn.com/kf/UT824FpXR0aXXagOFbXr.jpg_220x220.jpg,,False
gooood,100,KR,https://ae01.alicdn.com/kf/UTB8nXnWC4HEXKJk43Jeq6yeeXXax.jpg_220x220.jpg,06 Sep 2018,1679226135,Color:red Ships From:China ,G****e L.,https://ae01.alicdn.com/kf/UTB8nXnWC4HEXKJk43Jeq6yeeXXax.jpg,China Post Registered Air Mail,https://ae01.alicdn.com/kf/UTB8RgwvyBahduJk43Jaq6zM8FXa9.jpg_220x220.jpg,M,False
Быстрая доставка. Качество порадовало. Продавца советую.,100,RU,,28 Aug 2018,752277952,Color:red Ships From:China ,I**r K.,,China Post Registered Air Mail,https://ae01.alicdn.com/kf/UTB8yJdluo_4iuJk43Fqq6z.FpXam.jpg_220x220.jpg,,False
vert nice product. glasses could be better. but gonna use this for baseball!,100,NL,,11 Oct 2018,820766275,Color:blue Ships From:China ,R*k S.,,AliExpress Standard Shipping,https://ae01.alicdn.com/kf/UTB8AlyKi5DEXKJk43Oqq6Az3XXaA.jpg_220x220.jpg,M,False
"хороший набор, брал для езды днём. как защита от грязи, и осадков.
ночью темновато доже в прозрачных очках так как они немного с жолтые.
а в остальном нормально, полярики только на чёрных . 
цена качество очень хорошее.",100,RU,,02 Jan 2019,,Color:blue Ships From:China ,Покупатель AliExpress,,AliExpress Standard Shipping,,M,True
"Igual a la descripción.
Recibido a los 15 días.
Es un regalo, falta probarlos.",100,CL,,29 Nov 2018,,Color:black Ships From:China ,Покупатель AliExpress,,AliExpress Standard Shipping,,,True
excelentes gafas... ya he comprado dos y son de muy buena calidad y bonitas,100,CO,,12 Dec 2018,842616294,Color:blue Ships From:China ,F****n G.,,AliExpress Standard Shipping,https://ae01.alicdn.com/kf/UT8dwrEXNFaXXagOFbX7.jpg_220x220.jpg,,False
"За эти деньги-подорок.Качество
-супер.Доставка-30дней.Посылка отслеживалась на всем протяжении.",100,RU,,12 Dec 2018,898563977,Color:black Ships From:China ,S****o S.,,Posti Finland,https://ae01.alicdn.com/kf/UTB8bYptXSnEXKJk43Ubq6zLppXam.jpg_220x220.jpg,M,False
"Excellent quality, very fast delivery. I'm very satisfied with the product.",100,SRB,,22 Oct 2018,1763476287,Color:black Ships From:China ,S****n N.,,China Post Registered Air Mail,,,False
correspond au descriptif....belle boîte de protection,100,FR,,07 Nov 2018,769698217,Color:blue Ships From:China ,C****e S.,,AliExpress Standard Shipping,,,False
Gafas muy bonitas y de aceptable calidad. Las aconsejo. El envío muy rápido.,100,ES,,24 Oct 2018,707439570,Color:black Ships From:China ,D***o S.,,AliExpress Standard Shipping,https://ae01.alicdn.com/kf/UTB8r0k7jHPJXKJkSafSq6yqUXXa7.jpg_220x220.jpg,M,False
"очки сидят хорошо, но некоторым могут быть немного широковаты, учитывайте это при заказе",100,RU,,12 Jan 2019,762362653,Color:blue Ships From:China ,A****w S.,,Posti Finland,,,False
Muy buenos. Los recomiendo. Se demora 3 meses y vendedor me extendió el tiempo envío ,100,AR,,16 Nov 2018,778232839,Color:red Ships From:China ,E*i G.,,China Post Registered Air Mail,https://ae01.alicdn.com/kf/UT8FDLOXqJaXXagOFbXV.jpg_220x220.jpg,F,False
"Хорошее толковое описание, внимательный продавец, быстро обработал и отправил. Нормальные очки за свои деньги. Поляризованная вставка одна, о чём и написано. Рекомендую продавца и товар.",100,RU,,14 Sep 2018,1628116076,Color:black Ships From:China ,V******r Z.,,China Post Registered Air Mail,,,False
"perfeito, entrega muito rápida, conforme descrição, satisfeita",100,BR,,22 Nov 2018,168224996,Color:red Ships From:China ,A****a G.,,AliExpress Standard Shipping,,,False
Great product. As described. I recommend the product and the seller.,100,BR,,18 Sep 2018,140872738,Color:black Ships From:China ,D***d P.,,AliExpress Standard Shipping,https://ae01.alicdn.com/kf/UTB8eLQZCiaMiuJk43PTq6ySmXXaW.jpg_220x220.jpg,M,False
Отличный комплект! Быстрая доставка! Продавца и товар рекомендую!,100,UA,,02 Dec 2018,882624090,Color:blue Ships From:China ,E*****i B.,,SF eParcel,https://gw.alicdn.com/tps/TB1CjX4LXXXXXbSXFXXXXXXXXXX-240-240.png,M,False
"Всё просто супер !!!!!))))
Рекомендую продавца , доставка быстрая !!!!)",100,BY,,19 Nov 2018,,Color:red Ships From:China ,Покупатель AliExpress,,China Post Registered Air Mail,,M,True
"Yo diria que hasta mas bonitos en persona, gracias.",100,PE,,26 Sep 2018,185198056,Color:blue Ships From:China ,A A.,,AliExpress Standard Shipping,https://gw.alicdn.com/tps/TB1CjX4LXXXXXbSXFXXXXXXXXXX-240-240.png,M,False
тест не работает а так всё О'кей,80,RU,https://ae01.alicdn.com/kf/UTB8Znu7mrnJXKJkSahGq6xhzFXaN.jpg_220x220.jpg,21 Dec 2018,867235695,Color:blue Ships From:China ,O**g S.,https://ae01.alicdn.com/kf/UTB8Znu7mrnJXKJkSahGq6xhzFXaN.jpg,China Post Registered Air Mail,https://ae01.alicdn.com/kf/UT8qZ4YXVBaXXagOFbXQ.jpg_220x220.jpg,M,False
"Exelente produto, de qualidade e veio certinho, recomendo o vendedor e o produto",100,BR,,05 Sep 2018,141571657,Color:red Ships From:China ,M****s R.,,AliExpress Standard Shipping,https://ae01.alicdn.com/kf/UT8MxUzXzFaXXagOFbXn.jpg_220x220.jpg,M,False
Items received as described. Fast shipping too. Very satisfied!,100,SG,,15 Jan 2019,199540490,Color:black Ships From:China ,A******h E.,,AliExpress Standard Shipping,https://ae01.alicdn.com/kf/UTB8EIa6sJoSdeJk43Owq6ya4XXaP.jpg_220x220.jpg,M,False
"Брал для велопоездок и рыбалки. качество набора очень хорошее, крепление линз в оправе простое и надежное, богатая комплектация. Сразу же отправили и быстро доставили, трек отслеживается только по Китаю Доволен покупкой",100,UA,,12 Sep 2018,834035171,Color:blue Ships From:China ,R****n S.,,ePacket,https://ae01.alicdn.com/kf/UTB8g91dIiDEXKJk43Oqq6Az3XXa0.jpg_220x220.jpg,M,False
"Спасибо, заказ в Ялту пришел за 12 дней, товар полностью соответствует описанию. Рекомендую продавца, буду еще заказывать. В процессе эксплуатации дополню отзыв.",100,RU,,17 Sep 2018,835396276,Color:black Ships From:China ,S****y P.,,ePacket,https://ae01.alicdn.com/kf/UTB8LSEWh_zIXKJkSafVq6yWgXXap.jpg_220x220.jpg,M,False
Produto otimo super embalado top super recomendo veio certinho podem comprar.,100,BR,,10 Dec 2018,192823375,Color:blue Ships From:China ,M****a S.,,AliExpress Standard Shipping,https://ae01.alicdn.com/kf/UTB8ID_bj0nJXKJkSaiyq6AhwXXak.jpg_220x220.jpg,F,False
"Muito satisfeita, chegou em perfeitas condições e bem embalado. Nota 10, Chegou em 25 dias da compra até a entrega.",100,BR,,28 Nov 2018,181677472,Color:black Ships From:China ,J**y F.,,AliExpress Standard Shipping,https://ae01.alicdn.com/kf/UTB8MEyuXXfJXKJkSamHq6zLyVXaU.jpg_220x220.jpg,F,False
Спасибо большое за очки и доставку! Все замечательно!,100,RU,,14 Nov 2018,1815767359,Color:black Ships From:China ,E***a S.,,China Post Registered Air Mail,https://ae01.alicdn.com/kf/UTB8iZUMBJoSdeJk43Owq6ya4XXag.jpg_220x220.jpg,,False
"Прекрасный продавец. Спасибо за хороший, качественный товар!",100,BY,,08 Sep 2018,,Color:red Ships From:China ,Покупатель AliExpress,,China Post Registered Air Mail,,F,True
"Товар пришел. Комплектация и качество как положено хорошие. Пока не пользовался, но сидят хорошо.",100,BY,,14 Nov 2018,1845910743,Color:red Ships From:China ,V****y P.,,China Post Registered Air Mail,https://ae01.alicdn.com/kf/UTB8Ufjqn9bIXKJkSaefq6yasXXaL.jpg_220x220.jpg,M,False
"adorei, muito bom e muito fácil de trocar as lentes, para
 trocar as hastes já achei um pouco mais difícil, tem uma pressão forte do encaixe, ainda não peguei o jeito.
indico sim, muito bom!",100,BR,,04 Dec 2018,1853466055,Color:blue Ships From:China ,R*****o R.,,AliExpress Standard Shipping,https://ae01.alicdn.com/kf/UTB8BNV9jSbIXKJkSaefq6yasXXah.jpg_220x220.jpg,,False
"Amazing packing, fast delivery and product as described. Recommend this seller in totality.",100,IN,,15 Oct 2018,1622858420,Color:red Ships From:China ,J***n M.,,China Post Registered Air Mail,https://ae01.alicdn.com/kf/UTB8ZhPOc0nJXKJkSaiyq6AhwXXav.jpg_220x220.jpg,,False
"se ven de muy buena calidad, todo en perfecto orden, envío muy rápido, 9 días tardo en llegar a Chile, recomiendo totalmente los lentes!",100,US,,03 Jan 2019,1649301694,Color:blue Ships From:China ,S*******n T.,,AliExpress Standard Shipping,,,False
excelente muito top de altíssima qualidade recomendo a todos,100,US,,05 Nov 2018,171757858,Color:blue Ships From:China ,L*****o L.,,AliExpress Standard Shipping,https://ae01.alicdn.com/kf/UT8g7HjXWJbXXagOFbXS.jpg_220x220.jpg,M,False
"13 dias y en mi casa todo perfecto.
Buen vendedor,  gracias.
No recomiendo al vendedor ZOLIBIKE, no hay manera de solucionar ningún trámite con ellos y aún sigo esperando un pedido",100,ES,,26 Nov 2018,,Color:black Ships From:China ,Покупатель AliExpress,,AliExpress Standard Shipping,,,True
очки  отличные.доставка 14 дней.советую продавца и очки.,100,UA,,02 Dec 2018,1876907089,Color:blue Ships From:China ,E***a P.,,SF eParcel,,,False
Buen producto! A cumplido mis expectativas,80,AR,https://ae01.alicdn.com/kf/UTB8TFxTC5DEXKJk43Oqq6Az3XXat.jpg_220x220.jpg,02 Sep 2018,838428214,Color:black Ships From:China ,P***o G.,https://ae01.alicdn.com/kf/UTB8TFxTC5DEXKJk43Oqq6Az3XXat.jpg,China Post Registered Air Mail,https://ae01.alicdn.com/kf/UTB8tal8iE_4iuJk43Fqq6z.FpXaH.jpg_220x220.jpg,,False
"Супер очки! Берите, не пожалеете!",100,KZ,,28 Aug 2018,877081550,Color:black Ships From:China ,I***s A.,,China Post Registered Air Mail,https://ae01.alicdn.com/kf/UT8hv9QX2haXXagOFbXk.jpg_220x220.jpg,,False
отлично. качество радует. быстрая доставка!,100,KZ,,16 Sep 2018,189067693,Color:blue Ships From:China ,A***l A.,,China Post Registered Air Mail,https://ae01.alicdn.com/kf/UTB8_v2jx._4iuJk43Fqq6z.FpXaT.jpg_220x220.jpg,M,False
"OK, A bit not a comfortable nose for me, too hard.",100,PL,,12 Sep 2018,776374989,Color:red Ships From:China ,P***r Z.,,SF eParcel,https://gw.alicdn.com/tps/TB1CjX4LXXXXXbSXFXXXXXXXXXX-240-240.png,M,False
Branche amovible cassée au 1er essai...,100,FR,,29 Nov 2018,767383725,Color:black Ships From:China ,S*****z M.,,AliExpress Standard Shipping,https://gw.alicdn.com/tps/TB1CjX4LXXXXXbSXFXXXXXXXXXX-240-240.png,M,False
Sehr gute Brille. Passt perfekt.,100,DE,,26 Oct 2018,1630024690,Color:black Ships From:China ,J****a C.,,China Post Registered Air Mail,https://ae01.alicdn.com/kf/UTB8h9kxA8ahduJk43Jaq6zM8FXaM.jpg_220x220.jpg,F,False
Product looks good and as per described. ,100,SG,,02 Jan 2019,123065920,Color:black Ships From:China ,C*****n K.,,China Post Registered Air Mail,https://gw.alicdn.com/tps/TB1CjX4LXXXXXbSXFXXXXXXXXXX-240-240.png,M,False
Perfeitamente igual na propaganda.,100,BR,,14 Nov 2018,1630836824,Color:blue Ships From:China ,Br J.,,AliExpress Standard Shipping,,,False
"ótimo produto , muito satisfeito",100,BR,,10 Jan 2019,1788021123,Color:black Ships From:China ,A***e R.,,AliExpress Standard Shipping,https://ae01.alicdn.com/kf/UTB8R5lUopfJXKJkSamHq6zLyVXa0.jpg_220x220.jpg,M,False
"Excelente servicio, muchas gracias!",100,CO,,12 Dec 2018,,Color:red Ships From:China ,Покупатель AliExpress,,AliExpress Standard Shipping,,,True
"Todo perfecto, buena calidad ",100,CL,,05 Feb 2019,141071634,Color:red Ships From:China ,C********r L.,,AliExpress Standard Shipping,https://ae01.alicdn.com/kf/UT8TA6LXwdaXXagOFbXS.jpg_220x220.jpg,M,False
Все отлично,100,KZ,,11 Feb 2019,194057831,Color:blue Ships From:China ,J*****n K.,,AliExpress Standard Shipping,,,False
Produto excelente. gostei muito,100,BR,,24 Jan 2019,179534851,Color:red Ships From:China ,A***u H.,,AliExpress Standard Shipping,,,False
"Gostei do produto, chegou em 29 dias",100,BR,,30 Aug 2018,171364506,Color:black Ships From:China ,D****l H.,,AliExpress Standard Shipping,https://ae01.alicdn.com/kf/UTB8fkBuBCnEXKJk43Ubq6zLppXan.jpg_220x220.jpg,M,False
в срок качественно. ожидания оправдались.,100,RU,,12 Dec 2018,1854252539,Color:red Ships From:China ,K***********u K.,,Posti Finland,https://ae01.alicdn.com/kf/UTB8gy77lD_IXKJkSalUq6yBzVXaF.jpg_220x220.jpg,M,False
god fit on my face,100,IL,,12 Feb 2019,794780457,Color:red Ships From:China ,D***s S.,,ePacket,https://ae01.alicdn.com/kf/UTB86bsKwqrFXKJk43Ovq6ybnpXaR.jpg_220x220.jpg,M,False
glasses look amazing.  all lenses are very nice.,100,CA,,20 Sep 2018,918412222,Color:red Ships From:China ,C**y T.,,ePacket,https://ae01.alicdn.com/kf/UTB8qvTIjiDEXKJk43Oqq6Az3XXaC.jpg_220x220.jpg,,False
"ótimo produto, chegou super rápido 
",100,BR,,11 Oct 2018,193780421,Color:red Ships From:China ,L***s B.,,AliExpress Standard Shipping,,,False
"очень быстро    ",100,KZ,,06 Feb 2019,,Color:red Ships From:China ,Покупатель AliExpress,,China Post Registered Air Mail,,,True
Посилка прийшла швидко. Якістю задоволений.,100,UA,,01 Sep 2018,1814791013,Color:black Ships From:China ,K************m K.,,SF eParcel,https://ae01.alicdn.com/kf/UTB82apJh9bIXKJkSaefq6yasXXay.jpg_220x220.jpg,M,False
nice and good quality glasses,100,SG,,14 Dec 2018,747819824,Color:red Ships From:China ,J*n D.,,China Post Registered Air Mail,https://ae01.alicdn.com/kf/UTB8XzRRbL2JXKJkSanrq6y3lVXa4.jpg_220x220.jpg,M,False
"veramente belli 
Grazie",100,IT,,28 Aug 2018,752885952,Color:blue Ships From:China ,A*******o V.,,ePacket,https://gw.alicdn.com/tps/TB1CjX4LXXXXXbSXFXXXXXXXXXX-240-240.png,M,False
me encanto llego rapido,100,BO,,16 Jan 2019,1658980999,Color:red Ships From:China ,Bo G.,,AliExpress Standard Shipping,https://ae01.alicdn.com/kf/UTB8tKUfo3QydeJk43PUq6AyQpXa6.jpg_220x220.jpg,M,False
все отлично спасибо!,100,RU,,20 Sep 2018,702090568,Color:blue Ships From:China ,A*******r S.,,China Post Registered Air Mail,,,False
Very good product,100,BG,,07 Nov 2018,773168786,Color:black Ships From:China ,S***r A.,,AliExpress Standard Shipping,https://ae01.alicdn.com/kf/UT8Z0nxXDXXXXagOFbXH.jpg_220x220.jpg,M,False
"Thank you, super, super.",100,CZ,,02 Nov 2018,1651078981,Color:red Ships From:China ,M****l N.,,China Post Registered Air Mail,,,False
excelente,100,AR,,27 Oct 2018,121832422,Color:black Ships From:China ,M*********o P.,,China Post Registered Air Mail,https://ae01.alicdn.com/kf/HTB1FA.sJpXXXXcYXpXXq6xXFXXXj.jpg_220x220.jpg,M,False
muy buena tienda la recomiendo,100,CO,,31 Aug 2018,719141058,Color:red Ships From:China ,D*****o S.,,AliExpress Standard Shipping,https://gw.alicdn.com/tps/TB1CjX4LXXXXXbSXFXXXXXXXXXX-240-240.png,M,False
отлично быстро,100,RU,,18 Oct 2018,,Color:red Ships From:China ,Покупатель AliExpress,,China Post Registered Air Mail,,,True
tudo certo,100,BR,,07 Feb 2019,1798804652,Color:black Ships From:China ,L**z F.,,AliExpress Standard Shipping,https://ae01.alicdn.com/kf/UTB8nkNxhXPJXKJkSahVq6xyzFXaU.jpg_220x220.jpg,,False
Отличный товар,100,RU,,31 Aug 2018,738439474,Color:red Ships From:China ,R****n T.,,China Post Registered Air Mail,https://ae01.alicdn.com/kf/UTB8GcwYdyDEXKJk43Oqq6Az3XXaC.jpg_220x220.jpg,,False
"Хлипинькие.  Если бы в руках подержал,  вряд-ли купил бы.",60,KZ,https://ae01.alicdn.com/kf/UTB8QhsKC8ahduJk43Jaq6zM8FXap.jpg_220x220.jpg,21 Sep 2018,711476763,Color:blue Ships From:China ,A****y K.,https://ae01.alicdn.com/kf/UTB8QhsKC8ahduJk43Jaq6zM8FXap.jpg,China Post Registered Air Mail,https://ae01.alicdn.com/kf/UT8vZQbXv8aXXagOFbXT.jpg_220x220.jpg,M,False
top quality. very confortable,100,PT,,06 Oct 2018,1677029233,Color:red Ships From:China ,M****l L.,,China Post Registered Air Mail,,,False
Всё круто.,100,RU,,12 Sep 2018,1641511501,Color:black Ships From:China ,D***s Z.,,China Post Registered Air Mail,https://ae01.alicdn.com/kf/UTB8m65swGrFXKJk43Ovq6ybnpXaF.jpg_220x220.jpg,M,False
good,100,TR,,22 Sep 2018,807204108,Color:blue Ships From:China ,N***t O.,,China Post Registered Air Mail,https://gw.alicdn.com/tps/TB1CjX4LXXXXXbSXFXXXXXXXXXX-240-240.png,M,False
"Produto com boa qualidade para o preço, me surpreendeu! Só achei um pouco largo para meu rosto!",80,BR,,28 Nov 2018,182503303,Color:red Ships From:China ,E***k A.,,AliExpress Standard Shipping,https://ae01.alicdn.com/kf/UT8Z3MtXz0aXXagOFbXD.jpg_220x220.jpg,M,False
Super,100,HU,,03 Nov 2018,739628087,Color:blue Ships From:China ,A****a J.,,China Post Registered Air Mail,https://ae01.alicdn.com/kf/UTB8W6jUXg7ydeJk43KUq6yaUpXaq.jpg_220x220.jpg,M,False
조금 만더 질이 좋았으면.  ..,100,KR,,20 Nov 2018,1625547388,Color:black Ships From:China ,Ju J.,,China Post Registered Air Mail,https://gw.alicdn.com/tps/TB1CjX4LXXXXXbSXFXXXXXXXXXX-240-240.png,M,False
Producto fiel a la descripción. La lente polarizada queda con un poco de holgura; las demás encajan bien en la montura. Por el precio que tiene tampoco se le puede pedir más. Satisfecho con la compra,80,ES,,27 Nov 2018,175902295,Color:black Ships From:China ,Y***y H.,,AliExpress Standard Shipping,https://gw.alicdn.com/tps/TB1CjX4LXXXXXbSXFXXXXXXXXXX-240-240.png,M,False
Excelente produto recomendo.,100,BR,,16 Nov 2018,185933697,Color:red Ships From:China ,P***o M.,,ePacket,,,False
Thank you,100,NZ,,29 Aug 2018,163832896,Color:black Ships From:China ,H****d E.,,AliExpress Standard Shipping,https://gw.alicdn.com/tps/TB1CjX4LXXXXXbSXFXXXXXXXXXX-240-240.png,M,False
Супер.,100,RU,,22 Dec 2018,,Color:blue Ships From:China ,Покупатель AliExpress,,China Post Registered Air Mail,,,True
Great deal!,100,BR,,22 Dec 2018,903802260,Color:red Ships From:China ,M****n C.,,AliExpress Standard Shipping,https://gw.alicdn.com/tps/TB1CjX4LXXXXXbSXFXXXXXXXXXX-240-240.png,M,False
excelente,100,CL,,08 Oct 2018,925360021,Color:black Ships From:China ,F****e P.,,AliExpress Standard Shipping,https://ae01.alicdn.com/kf/UTB8n3Mfk9nEXKJk43Ubq6zLppXaj.jpg_220x220.jpg,,False
Good.,100,BE,,10 Dec 2018,1654759848,Color:black Ships From:China ,A*******u O.,,AliExpress Standard Shipping,https://gw.alicdn.com/tps/TB1CjX4LXXXXXbSXFXXXXXXXXXX-240-240.png,M,False
Отличный набор!!!,100,RU,,01 Sep 2018,778854194,Color:red Ships From:China ,R***n F.,,China Post Registered Air Mail,https://gw.alicdn.com/tps/TB1CjX4LXXXXXbSXFXXXXXXXXXX-240-240.png,M,False
все круто быстро советую,100,BY,,12 Nov 2018,823930737,Color:red Ships From:China ,C*****u C.,,China Post Registered Air Mail,https://ae01.alicdn.com/kf/UT8y09HXP0XXXagOFbXC.jpg_220x220.jpg,M,False
Ok,100,CZ,,04 Oct 2018,1640855836,Color:red Ships From:China ,M*****r M.,,China Post Registered Air Mail,https://gw.alicdn.com/tps/TB1CjX4LXXXXXbSXFXXXXXXXXXX-240-240.png,M,False
"Доставили в течении месяца. Товар соответствует описанию, однако активно пользоваться буду только следующим летом :-)",80,RU,,10 Sep 2018,707832944,Color:blue Ships From:China ,V****r S.,,China Post Registered Air Mail,,,False
Excelente,100,CL,,09 Dec 2018,,Color:black Ships From:China ,Покупатель AliExpress,,AliExpress Standard Shipping,,M,True
ok,100,CL,,17 Dec 2018,167106130,Color:blue Ships From:China ,R*****o G.,,AliExpress Standard Shipping,https://ae01.alicdn.com/kf/UT8a8UUXvlXXXagOFbXB.jpg_220x220.jpg,M,False
Excelente producto ,100,CL,,09 Oct 2018,,Color:blue Ships From:China ,Покупатель AliExpress,,AliExpress Standard Shipping,,,True
Cool!,100,BR,,08 Dec 2018,168793102,Color:black Ships From:China ,I******a F.,,AliExpress Standard Shipping,,,False
Nice,100,BR,,11 Dec 2018,1863508613,Color:black Ships From:China ,R**a R.,,AliExpress Standard Shipping,https://ae01.alicdn.com/kf/UTB8CRLklgnJXKJkSaelq6xUzXXay.jpg_220x220.jpg,,False
Polecam,100,PL,,29 Nov 2018,1810485159,Color:blue Ships From:China ,S****k D.,,China Post Registered Air Mail,https://ae01.alicdn.com/kf/UTB8pOvVBSnEXKJk43Ubq6zLppXa0.jpg_220x220.jpg,M,False
가성비는   좋아요..... 블랙 색상만편광 임니다...,80,KR,,02 Jan 2019,793425335,Color:black Ships From:China ,S**g J.,,China Post Registered Air Mail,https://ae01.alicdn.com/kf/UT8jvhwX8daXXagOFbXC.jpg_220x220.jpg,M,False
Nice glasses. can't wait to try it..,80,NL,,19 Sep 2018,888944880,Color:blue Ships From:China ,P******a R.,,AliExpress Standard Shipping,,,False
انها جيده جدا ولكن وقت التوصيل اخذ مده لتصل القطعه,80,PS,,15 Nov 2018,1812151966,Color:blue Ships From:China ,Ps L.,,AliExpress Standard Shipping,https://ae01.alicdn.com/kf/UTB8_6cjltnJXKJkSaiyq6AhwXXaV.jpg_220x220.jpg,M,False
Прикольные,80,RU,,12 Nov 2018,728787081,Color:red Ships From:China ,O**g Z.,,China Post Registered Air Mail,,,False
"son de buena calidad
 y su visión es buena pero muy grandes los lentes",60,CL,,24 Oct 2018,,Color:black Ships From:China ,Покупатель AliExpress,,AliExpress Standard Shipping,,,True
O produto possui um cheiro horrível!,60,BR,,28 Oct 2018,1654616163,Color:red Ships From:China ,W********e W.,,AliExpress Standard Shipping,https://ae01.alicdn.com/kf/UTB8nfkLkn_IXKJkSalUq6yBzVXaL.jpg_220x220.jpg,,False
duran mucho en la entrega,60,CR,,07 Feb 2019,,Color:red Ships From:China ,Покупатель AliExpress,,AliExpress Standard Shipping,,,True
So so.,60,MY,,15 Oct 2018,107828719,Color:blue Ships From:China ,F****l M.,,China Post Registered Air Mail,https://ae01.alicdn.com/kf/UTB8s_jjyarFXKJk43Ov761bnpXaP.png_220x220.png,M,False
6384+941,60,RU,,03 Dec 2018,711275392,Color:black Ships From:China ,T***r N.,,AliExpress Standard Shipping,https://ae01.alicdn.com/kf/UT8lr_vXuXXXXagOFbXG.jpg_220x220.jpg,F,False
"material frágil, diferente de outros anúncios que vem c outros itens para trocar as cores e esse não vem. até que não demorou p entregar, mas não estou satisfeito c tipo de encaixe das lentes que é fácil de trocar, mas de baixa resistência.",40,BR,,05 Feb 2019,1718202464,Color:blue Ships From:China ,Br C.,,AliExpress Standard Shipping,,,False
the product never arrived,40,US,,10 Oct 2018,818829604,Color:blue Ships From:China ,J****r R.,,AliExpress Standard Shipping,https://ae01.alicdn.com/kf/UTB8RRDXXn_IXKJkSalUq6yBzVXak.jpg_220x220.jpg,,False
"Já comprei outros óculos, onde o trinco que fixa a haste dos óculos para troca eram muito mais fáceis de trocar. Este quando você quer trocar das hastes plásticas para as hastes de elástico é a maior dificuldade. Quase os óculos quebram. Não recomendo. ",20,BR,,12 Feb 2019,1815476356,Color:black Ships From:China ,N*****n A.,,AliExpress Standard Shipping,,,False
"No recibí nunca el pedido duro más de 45 días abriendo asta plazo nuevo me dijo que era problemas de logística en mi dirección de envío y siempre me an llegado de otras tiendas por favor mejorar eso, que tienen bonitos y buenos productos la tienda ",20,DO,,14 Nov 2018,758707001,Color:red Ships From:China ,E*****o E.,,AliExpress Standard Shipping,https://ae01.alicdn.com/kf/UTB88ZfDr5aMiuJk43PTq6ySmXXaF.jpg_220x220.jpg,M,False
,100,us,,22 Feb 2019,844982052,Color:black Ships From:China ,J**n F.,,AliExpress Standard Shipping,https://ae01.alicdn.com/kf/UTB8fqTkio_4iuJk43Fqq6z.FpXaa.jpg_220x220.jpg,,False
,100,TR,,22 Feb 2019,924112000,Color:blue Ships From:China ,U**t I.,,China Post Registered Air Mail,https://ae01.alicdn.com/kf/UTB8Q9JRt5aMiuJk43PTq6ySmXXaN.jpg_220x220.jpg,M,False
,100,BR,https://ae01.alicdn.com/kf/UTB860PRHxHEXKJk43Jeq6yeeXXaX.jpg_220x220.jpg,25 Jan 2019,838079791,Color:red Ships From:China ,J**e S.,https://ae01.alicdn.com/kf/UTB860PRHxHEXKJk43Jeq6yeeXXaX.jpg,ePacket,https://gw.alicdn.com/tps/TB1CjX4LXXXXXbSXFXXXXXXXXXX-240-240.png,M,False
,100,RU,,25 Jan 2019,712938645,Color:black Ships From:China ,O**a K.,,China Post Registered Air Mail,https://gw.alicdn.com/tps/TB1zA01LXXXXXc0XFXXXXXXXXXX-240-240.png,F,False
,100,PT,,07 Feb 2019,1710564653,Color:blue Ships From:China ,M****************o M.,,China Post Registered Air Mail,,,False
,100,KR,https://ae01.alicdn.com/kf/UTB80ffrDiDEXKJk43Oqq6Az3XXaW.jpg_220x220.jpg,14 Sep 2018,1668309573,Color:black Ships From:China ,J***s L.,https://ae01.alicdn.com/kf/UTB80ffrDiDEXKJk43Oqq6Az3XXaW.jpg,China Post Registered Air Mail,https://ae01.alicdn.com/kf/UTB8T97xgKvJXKJkSajhq6A7aFXaM.jpg_220x220.jpg,,False
,100,MA,https://ae01.alicdn.com/kf/UTB8yFPfIGrFXKJk43Ovq6ybnpXa4.jpg_220x220.jpg,19 Feb 2019,,Color:blue Ships From:China ,Покупатель AliExpress,https://ae01.alicdn.com/kf/UTB8yFPfIGrFXKJk43Ovq6ybnpXa4.jpg,China Post Registered Air Mail,,,True
,100,GR,,23 Dec 2018,191569797,Color:black Ships From:China ,T*******s A.,,China Post Registered Air Mail,https://gw.alicdn.com/tps/TB1CjX4LXXXXXbSXFXXXXXXXXXX-240-240.png,M,False
,100,CL,https://ae01.alicdn.com/kf/UTB84OfHFMQydeJk43PUq6AyQpXa9.jpg_220x220.jpg,15 Dec 2018,795020751,Color:blue Ships From:China ,L******o P.,https://ae01.alicdn.com/kf/UTB84OfHFMQydeJk43PUq6AyQpXa9.jpg,AliExpress Standard Shipping,https://ae01.alicdn.com/kf/UT8TE1lXVBXXXagOFbXH.jpg_220x220.jpg,M,False
,100,CO,https://ae01.alicdn.com/kf/UTB87wWXndnJXKJkSaiyq6AhwXXa9.jpg_220x220.jpg,09 Jan 2019,909626509,Color:black Ships From:China ,I**n O.,https://ae01.alicdn.com/kf/UTB87wWXndnJXKJkSaiyq6AhwXXa9.jpg,AliExpress Standard Shipping,https://ae01.alicdn.com/kf/UTB8KDA5XCbIXKJkSaefq6yasXXaj.jpg_220x220.jpg,M,False
,100,AR,https://ae01.alicdn.com/kf/UTB8zTSYDlahduJk43Jaq6zM8FXaz.jpg_220x220.jpg,26 Sep 2018,730087603,Color:black Ships From:China ,C******a C.,https://ae01.alicdn.com/kf/UTB8zTSYDlahduJk43Jaq6zM8FXaz.jpg,China Post Registered Air Mail,https://ae01.alicdn.com/kf/UTB8IKiOxOaMiuJk43PTq6ySmXXa1.jpg_220x220.jpg,,False
,100,RU,,15 Oct 2018,720038716,Color:blue Ships From:China ,A*****y D.,,China Post Registered Air Mail,https://ae01.alicdn.com/kf/UT8n7baXOdaXXagOFbXs.jpg_220x220.jpg,M,False
,100,AL,https://ae01.alicdn.com/kf/UTB8roh2knzIXKJkSafVq6yWgXXaO.jpg_220x220.jpg,20 Oct 2018,197845454,Color:red Ships From:China ,N****m S.,https://ae01.alicdn.com/kf/UTB8roh2knzIXKJkSafVq6yWgXXaO.jpg,AliExpress Standard Shipping,https://ae01.alicdn.com/kf/HTB1JLZdJpXXXXaeXFXXq6xXFXXXu.jpg_220x220.jpg,M,False
,100,CL,https://ae01.alicdn.com/kf/UTB8_UhLmSbIXKJkSaefq6yasXXau.jpg_220x220.jpg,26 Dec 2018,809495963,Color:blue Ships From:China ,C****s A.,https://ae01.alicdn.com/kf/UTB8_UhLmSbIXKJkSaefq6yasXXau.jpg,AliExpress Standard Shipping,https://ae01.alicdn.com/kf/UTB8n2sisGrFXKJk43Ovq6ybnpXaY.jpg_220x220.jpg,M,False
,100,NZ,https://ae01.alicdn.com/kf/UTB8qCw8DgQydeJk43PUq6AyQpXao.jpg_220x220.jpg,01 Oct 2018,1716262099,Color:red Ships From:China ,Nz L.,https://ae01.alicdn.com/kf/UTB8qCw8DgQydeJk43PUq6AyQpXao.jpg,China Post Registered Air Mail,,,False
,100,EE,https://ae01.alicdn.com/kf/UTB8hXSykVfJXKJkSamHq6zLyVXay.jpg_220x220.jpg,09 Nov 2018,173999335,Color:black Ships From:China ,R****t M.,https://ae01.alicdn.com/kf/UTB8hXSykVfJXKJkSamHq6zLyVXay.jpg,China Post Registered Air Mail,,,False
,100,BD,,18 Feb 2019,,Color:blue Ships From:China ,Покупатель AliExpress,,AliExpress Standard Shipping,,M,True
,100,AZ,,12 Feb 2019,1702758112,Color:black Ships From:China ,K***l K.,,China Post Registered Air Mail,https://ae01.alicdn.com/kf/UTB8ggoOtGrFXKJk43Ovq6ybnpXaF.jpg_220x220.jpg,,False
,100,CO,,17 Feb 2019,897391850,Color:blue Ships From:China ,M****l C.,,AliExpress Standard Shipping,https://ae01.alicdn.com/kf/UTB8SP8LXXfFXKJk43Otq6xIPFXaz.jpg_220x220.jpg,,False
,100,BR,,11 Feb 2019,,Color:red Ships From:China ,Покупатель AliExpress,,ePacket,,,True
,100,CZ,,03 Feb 2019,710688186,Color:red Ships From:China ,V*******l S.,,China Post Registered Air Mail,https://gw.alicdn.com/tps/TB1CjX4LXXXXXbSXFXXXXXXXXXX-240-240.png,M,False
,100,JP,,20 Feb 2019,1857801181,Color:blue Ships From:China ,Jp S.,,ePacket,,,False
,100,CL,,08 Feb 2019,730206925,Color:red Ships From:China ,D***o M.,,AliExpress Standard Shipping,,,False
,80,PE,https://ae01.alicdn.com/kf/UTB8ioJDmdnJXKJkSaiyq6AhwXXaA.jpg_220x220.jpg,10 Dec 2018,1842855373,Color:red Ships From:China ,G****a S.,https://ae01.alicdn.com/kf/UTB8ioJDmdnJXKJkSaiyq6AhwXXaA.jpg,AliExpress Standard Shipping,https://gw.alicdn.com/tps/TB1zA01LXXXXXc0XFXXXXXXXXXX-240-240.png,F,False
,100,PL,,15 Feb 2019,170238136,Color:red Ships From:China ,M****j S.,,AliExpress Standard Shipping,,,False
,100,CO,,08 Feb 2019,1851844860,Color:blue Ships From:China ,Co H.,,AliExpress Standard Shipping,,,False
,100,RU,,25 Jan 2019,834908183,Color:black Ships From:China ,I*********a I.,,China Post Registered Air Mail,https://ae01.alicdn.com/kf/UTB8Z8pAuGrFXKJk43Ovq6ybnpXaQ.jpg_220x220.jpg,,False
,100,AU,,13 Feb 2019,,Color:blue Ships From:China ,Покупатель AliExpress,,China Post Registered Air Mail,,,True
,100,BR,,04 Feb 2019,1843252110,Color:red Ships From:China ,D***o F.,,AliExpress Standard Shipping,https://ae01.alicdn.com/kf/UTB8N7Z2C0oSdeJk43Owq6ya4XXau.jpg_220x220.jpg,,False
,100,BR,,29 Jan 2019,1793364803,Color:black Ships From:China ,D**i S.,,AliExpress Standard Shipping,,,False
,100,BR,,29 Jan 2019,166748265,Color:black Ships From:China ,R*****o O.,,ePacket,https://gw.alicdn.com/tps/TB1CjX4LXXXXXbSXFXXXXXXXXXX-240-240.png,M,False
,100,BR,,06 Feb 2019,1823924679,Color:black Ships From:China ,M***a S.,,AliExpress Standard Shipping,,,False
,100,UA,,26 Dec 2018,166522481,Color:blue Ships From:China ,I**r N.,,China Post Registered Air Mail,,,False
,100,BR,,15 Jan 2019,180404451,Color:blue Ships From:China ,D****n S.,,AliExpress Standard Shipping,https://ae01.alicdn.com/kf/UTB8HKV7u0oSdeJk43Owq6ya4XXax.jpg_220x220.jpg,M,False
,100,CL,,29 Nov 2018,1625060497,Color:red Ships From:China ,L*******************o L.,,AliExpress Standard Shipping,,,False
,100,VN,,11 Sep 2018,911590097,Color:blue Ships From:China ,D***g P.,,China Post Registered Air Mail,https://ae01.alicdn.com/kf/UTB8bZUeHarFXKJk43Ovq6ybnpXax.jpg_220x220.jpg,M,False
,100,RO,,20 Oct 2018,,Color:red Ships From:China ,Покупатель AliExpress,,AliExpress Standard Shipping,,,True
,100,FO,,08 Oct 2018,,Color:black Ships From:China ,Покупатель AliExpress,,AliExpress Standard Shipping,,M,True
,100,BR,,10 Jan 2019,,Color:red Ships From:China ,Покупатель AliExpress,,AliExpress Standard Shipping,,,True
,100,UA,,24 Dec 2018,764142300,Color:red Ships From:China ,O****a P.,,SF eParcel,https://gw.alicdn.com/tps/TB1zA01LXXXXXc0XFXXXXXXXXXX-240-240.png,F,False
,100,PE,,24 Dec 2018,1622406576,Color:black Ships From:China ,A****r B.,,AliExpress Standard Shipping,https://ae01.alicdn.com/kf/UTB8wLVBkTzIXKJkSafVq6yWgXXaS.jpg_220x220.jpg,M,False
,100,RU,,29 Oct 2018,837965671,Color:red Ships From:China ,A****y K.,,China Post Registered Air Mail,https://gw.alicdn.com/tps/TB1CjX4LXXXXXbSXFXXXXXXXXXX-240-240.png,M,False
,100,KR,,01 Nov 2018,872406542,Color:black Ships From:China ,C**i M.,,China Post Registered Air Mail,,,False
,100,BO,,25 Oct 2018,,Color:black Ships From:China ,Покупатель AliExpress,,AliExpress Standard Shipping,,M,True
,100,PE,,14 Dec 2018,1615911598,Color:red Ships From:China ,L**s B.,,China Post Registered Air Mail,https://gw.alicdn.com/tps/TB1CjX4LXXXXXbSXFXXXXXXXXXX-240-240.png,M,False
,100,CZ,,12 Oct 2018,1798262021,Color:blue Ships From:China ,V****v M.,,China Post Registered Air Mail,,,False
,100,TR,,08 Oct 2018,748492758,Color:red Ships From:China ,A***n I.,,China Post Registered Air Mail,https://gw.alicdn.com/tps/TB1CjX4LXXXXXbSXFXXXXXXXXXX-240-240.png,M,False
,100,EC,,01 Nov 2018,162289759,Color:blue Ships From:China ,L***i L.,,AliExpress Standard Shipping,https://ae01.alicdn.com/kf/HTB165.eJpXXXXa4XpXXq6xXFXXXO.jpg_220x220.jpg,F,False
,100,CO,,06 Nov 2018,822580910,Color:blue Ships From:China ,R***n B.,,AliExpress Standard Shipping,https://ae01.alicdn.com/kf/UT8lV7UXMdXXXagOFbX4.jpg_220x220.jpg,M,False
,100,US,,29 Jan 2019,1708805937,Color:red Ships From:China ,L**z J.,,AliExpress Standard Shipping,,,False
,100,RU,,13 Dec 2018,128436045,Color:red Ships From:China ,Y**i P.,,China Post Registered Air Mail,https://gw.alicdn.com/tps/TB1CjX4LXXXXXbSXFXXXXXXXXXX-240-240.png,M,False
,100,BR,,02 Feb 2019,1716137851,Color:blue Ships From:China ,Q************s Q.,,AliExpress Standard Shipping,,,False
,100,US,,03 Jan 2019,916775330,Color:blue Ships From:China ,N***a N.,,AliExpress Standard Shipping,https://gw.alicdn.com/tps/TB1zA01LXXXXXc0XFXXXXXXXXXX-240-240.png,F,False
,100,RU,,03 Oct 2018,178658823,Color:black Ships From:China ,I**r B.,,China Post Registered Air Mail,,,False
,100,NL,,20 Sep 2018,760868876,Color:red Ships From:China ,B***n N.,,AliExpress Standard Shipping,https://ae01.alicdn.com/kf/UTB8a5d8ltnJXKJkSaiyq6AhwXXaO.jpg_220x220.jpg,M,False
,100,RU,,05 Sep 2018,820544026,Color:black Ships From:China ,D**********n D.,,ePacket,https://ae01.alicdn.com/kf/UT856euXFtbXXagOFbXi.jpg_220x220.jpg,M,False
,100,ES,,10 Oct 2018,173795515,Color:blue Ships From:China ,J*n L.,,AliExpress Standard Shipping,https://ae01.alicdn.com/kf/UT8rpaJXsRbXXagOFbXm.jpg_220x220.jpg,M,False
,100,UA,,19 Sep 2018,135042306,Color:blue Ships From:China ,V*******v S.,,AliExpress Standard Shipping,https://gw.alicdn.com/tps/TB1CjX4LXXXXXbSXFXXXXXXXXXX-240-240.png,M,False
,100,BG,,15 Sep 2018,706302110,Color:blue Ships From:China ,D****o G.,,AliExpress Standard Shipping,,,False
,100,LT,,07 Dec 2018,904502821,Color:red Ships From:China ,L***s J.,,AliExpress Standard Shipping,,,False
,100,PE,,05 Jan 2019,1771894845,Color:black Ships From:China ,M*******a T.,,AliExpress Standard Shipping,https://gw.alicdn.com/tps/TB1zA01LXXXXXc0XFXXXXXXXXXX-240-240.png,F,False
,100,RU,,02 Sep 2018,,Color:black Ships From:China ,Покупатель AliExpress,,China Post Registered Air Mail,,,True
,100,UA,,28 Nov 2018,723437256,Color:black Ships From:China ,V***m T.,,SF eParcel,https://ae01.alicdn.com/kf/UT8xzWzXs0aXXagOFbXZ.jpg_220x220.jpg,M,False
,100,RU,,16 Dec 2018,807842470,Color:black Ships From:China ,S****y S.,,Posti Finland,https://ae01.alicdn.com/kf/UT84zxMXJxXXXagOFbXO.jpg_220x220.jpg,M,False
,100,UA,,24 Sep 2018,723191718,Color:red Ships From:China ,S****y L.,,SF eParcel,https://gw.alicdn.com/tps/TB1CjX4LXXXXXbSXFXXXXXXXXXX-240-240.png,M,False
,100,ES,,15 Nov 2018,700459043,Color:black Ships From:China ,M****l M.,,AliExpress Standard Shipping,https://gw.alicdn.com/tps/TB1CjX4LXXXXXbSXFXXXXXXXXXX-240-240.png,M,False
,100,UA,,20 Sep 2018,719955735,Color:red Ships From:China ,O**g S.,,SF eParcel,https://ae01.alicdn.com/kf/UTB8oUjfqgQydeJk43PUq6AyQpXaE.jpg_220x220.jpg,M,False
,100,RU,,13 Sep 2018,814379723,Color:black Ships From:China ,V***m P.,,China Post Registered Air Mail,https://ae01.alicdn.com/kf/UTB8NXaplyDEXKJk43Oqq6Az3XXaL.jpg_220x220.jpg,,False
,100,RU,,28 Dec 2018,900333258,Color:black Ships From:China ,A*******r R.,,China Post Registered Air Mail,,,False
,100,HR,,24 Nov 2018,749045541,Color:black Ships From:China ,J***p I.,,China Post Registered Air Mail,https://ae01.alicdn.com/kf/UTB8YWB6vtoSdeJk43Owq6ya4XXaW.jpg_220x220.jpg,,False
,100,ES,,11 Nov 2018,168864901,Color:red Ships From:China ,J**e C.,,AliExpress Standard Shipping,,,False
,100,CZ,,07 Nov 2018,756861799,Color:black Ships From:China ,R***n J.,,China Post Registered Air Mail,https://gw.alicdn.com/tps/TB1CjX4LXXXXXbSXFXXXXXXXXXX-240-240.png,M,False
,100,NL,,19 Sep 2018,916972323,Color:black Ships From:China ,R****t H.,,AliExpress Standard Shipping,https://ae01.alicdn.com/kf/UTB892fWhwQydeJk43PUq6AyQpXax.jpg_220x220.jpg,,False
,100,DE,,21 Sep 2018,875719391,Color:black Ships From:China ,P****l S.,,China Post Registered Air Mail,,,False
,100,CH,,30 Aug 2018,808295155,Color:blue Ships From:China ,J****e F.,,China Post Registered Air Mail,,,False
,100,SI,,26 Oct 2018,808621324,Color:black Ships From:China ,S****a J.,,China Post Registered Air Mail,https://ae01.alicdn.com/kf/UT8f78IXKdaXXagOFbX9.jpg_220x220.jpg,F,False
,100,US,,16 Oct 2018,123354596,Color:black Ships From:China ,E****e S.,,ePacket,https://gw.alicdn.com/tps/TB1CjX4LXXXXXbSXFXXXXXXXXXX-240-240.png,M,False
,100,PL,,26 Sep 2018,702585601,Color:blue Ships From:China ,J***k S.,,SF eParcel,https://gw.alicdn.com/tps/TB1zA01LXXXXXc0XFXXXXXXXXXX-240-240.png,F,False
,100,MX,,28 Sep 2018,,Color:black Ships From:China ,Покупатель AliExpress,,China Post Registered Air Mail,,,True
,100,BA,,06 Oct 2018,,Color:black Ships From:China ,Покупатель AliExpress,,AliExpress Standard Shipping,,,True
,100,RU,,08 Oct 2018,1803924336,Color:red Ships From:China ,A*******r R.,,China Post Registered Air Mail,https://gw.alicdn.com/tps/TB1CjX4LXXXXXbSXFXXXXXXXXXX-240-240.png,M,False
,100,SV,,02 Dec 2018,705915701,Color:black Ships From:China ,M***o L.,,AliExpress Standard Shipping,https://ae01.alicdn.com/kf/UT83vcyXyJaXXagOFbX8.jpg_220x220.jpg,M,False
,100,RU,,26 Nov 2018,,Color:black Ships From:China ,Покупатель AliExpress,,China Post Registered Air Mail,,M,True
,100,NL,,19 Sep 2018,176006617,Color:blue Ships From:China ,C*****l B.,,AliExpress Standard Shipping,https://ae01.alicdn.com/kf/UTB8IKPkkFPJXKJkSahVq6xyzFXay.jpg_220x220.jpg,M,False
,100,CO,,10 Jan 2019,913864713,Color:black Ships From:China ,J***i P.,,AliExpress Standard Shipping,https://ae01.alicdn.com/kf/UTB8ez9PBRahduJk43Jaq6zM8FXaL.jpg_220x220.jpg,F,False
,100,CZ,,12 Dec 2018,,Color:blue Ships From:China ,Покупатель AliExpress,,China Post Registered Air Mail,,,True
,100,LV,,05 Jan 2019,758818399,Color:blue Ships From:China ,M***s K.,,AliExpress Standard Shipping,https://ae01.alicdn.com/kf/UT8_sxqXQXaXXagOFbX7.jpg_220x220.jpg,M,False
,100,RU,,22 Sep 2018,756460837,Color:blue Ships From:China ,L********4 L.,,China Post Registered Air Mail,https://ae01.alicdn.com/kf/UT8otrMXsVXXXagOFbXN.jpg_220x220.jpg,M,False
,100,HU,,05 Dec 2018,,Color:red Ships From:China ,Покупатель AliExpress,,China Post Registered Air Mail,,,True
,100,SK,,28 Dec 2018,195752809,Color:red Ships From:China ,J***j T.,,China Post Registered Air Mail,,,False
,100,CL,,13 Nov 2018,766625499,Color:blue Ships From:China ,M**u V.,,AliExpress Standard Shipping,https://ae01.alicdn.com/kf/UT8OWjjXCpXXXagOFbXN.jpg_220x220.jpg,M,False
,100,SK,,17 Nov 2018,181620804,Color:blue Ships From:China ,N******a K.,,China Post Registered Air Mail,https://gw.alicdn.com/tps/TB1zA01LXXXXXc0XFXXXXXXXXXX-240-240.png,F,False
,100,CL,,19 Dec 2018,172852905,Color:blue Ships From:China ,F*******o M.,,AliExpress Standard Shipping,https://gw.alicdn.com/tps/TB1CjX4LXXXXXbSXFXXXXXXXXXX-240-240.png,M,False
,100,SE,,02 Oct 2018,139155075,Color:black Ships From:China ,M*****s S.,,China Post Registered Air Mail,https://ae01.alicdn.com/kf/UT8zuf8X2lbXXagOFbXO.jpg_220x220.jpg,M,False
,100,CL,,27 Dec 2018,184011231,Color:blue Ships From:China ,R*****o A.,,AliExpress Standard Shipping,https://ae01.alicdn.com/kf/UT8f_tuXRRaXXagOFbXX.jpg_220x220.jpg,M,False
,100,CR,,18 Jan 2019,857677319,Color:blue Ships From:China ,C****s J.,,AliExpress Standard Shipping,https://ae01.alicdn.com/kf/UTB8pKNefGrFXKJk43Ovq6ybnpXaa.jpg_220x220.jpg,M,False
,100,CL,,11 Oct 2018,1693476470,Color:red Ships From:China ,J**********e J.,,AliExpress Standard Shipping,,,False
,100,RU,,30 Aug 2018,169659948,Color:red Ships From:China ,A*****y P.,,China Post Registered Air Mail,https://ae01.alicdn.com/kf/UTB8eR1WldoSdeJk43Owq6ya4XXaB.jpg_220x220.jpg,M,False
,100,RU,,17 Dec 2018,185864039,Color:blue Ships From:China ,W**d M.,,China Post Registered Air Mail,,,False
,100,RU,,17 Jan 2019,182710474,Color:blue Ships From:China ,E*****y Z.,,China Post Registered Air Mail,https://gw.alicdn.com/tps/TB1CjX4LXXXXXbSXFXXXXXXXXXX-240-240.png,M,False
,100,CH,,17 Sep 2018,750064127,Color:black Ships From:China ,R****r A.,,China Post Registered Air Mail,https://gw.alicdn.com/tps/TB1CjX4LXXXXXbSXFXXXXXXXXXX-240-240.png,M,False
,100,ES,,03 Sep 2018,745435240,Color:black Ships From:Spain ,A*****o R.,,Entrega Local,https://gw.alicdn.com/tps/TB1CjX4LXXXXXbSXFXXXXXXXXXX-240-240.png,M,False
,100,RU,,01 Jan 2019,878120037,Color:black Ships From:China ,K*t C.,,China Post Registered Air Mail,https://ae01.alicdn.com/kf/UTB8GAS8uBahduJk43Jaq6zM8FXaQ.jpg_220x220.jpg,F,False
,100,ES,,14 Sep 2018,168128884,Color:blue Ships From:China ,J**e C.,,AliExpress Standard Shipping,,,False
,100,BR,,25 Oct 2018,782791761,Color:black Ships From:China ,E*****o C.,,AliExpress Standard Shipping,,,False
,100,KR,,07 Sep 2018,1628900829,Color:blue Ships From:China ,S**n L.,,China Post Registered Air Mail,,,False
,100,LB,,12 Oct 2018,,Color:black Ships From:China ,Покупатель AliExpress,,AliExpress Standard Shipping,,F,True
,100,IE,,04 Oct 2018,755397229,Color:black Ships From:China ,N***l B.,,China Post Registered Air Mail,https://gw.alicdn.com/tps/TB1CjX4LXXXXXbSXFXXXXXXXXXX-240-240.png,M,False
,100,ES,,15 Oct 2018,,Color:red Ships From:China ,Покупатель AliExpress,,AliExpress Standard Shipping,,F,True
,100,SA,,28 Aug 2018,727381179,Color:black Ships From:China ,A********b A.,,China Post Registered Air Mail,https://ae01.alicdn.com/kf/UTB8hziKzwQydeJk43PUq6AyQpXaX.jpg_220x220.jpg,M,False
,100,us,,15 Nov 2018,844355254,Color:blue Ships From:China ,L***o P.,,ePacket,,,False
,100,UZ,,04 Dec 2018,879052301,Color:red Ships From:China ,A****a U.,,AliExpress Standard Shipping,https://gw.alicdn.com/tps/TB1zA01LXXXXXc0XFXXXXXXXXXX-240-240.png,F,False
,100,PL,,21 Nov 2018,,Color:blue Ships From:China ,Покупатель AliExpress,,SF eParcel,,M,True
,100,UA,,07 Dec 2018,1791638382,Color:red Ships From:China ,O**g P.,,SF eParcel,,,False
,100,RU,,15 Sep 2018,1643861711,Color:red Ships From:China ,I******r S.,,China Post Registered Air Mail,,,False
,100,PE,,03 Oct 2018,1632759915,Color:red Ships From:China ,J**n T.,,AliExpress Standard Shipping,,,False
,100,UA,,02 Nov 2018,1693207349,Color:red Ships From:China ,O**g T.,,SF eParcel,,,False
,100,CZ,,16 Dec 2018,,Color:red Ships From:China ,Покупатель AliExpress,,China Post Registered Air Mail,,,True
,100,PT,,15 Dec 2018,782438377,Color:black Ships From:Spain ,P***o M.,,Euro-business Parcel,https://ae01.alicdn.com/kf/UTB8BK0rpdnJXKJkSaiyq6AhwXXaC.jpg_220x220.jpg,M,False
,100,RU,,20 Oct 2018,768693685,Color:black Ships From:China ,A**a S.,,China Post Registered Air Mail,https://ae01.alicdn.com/kf/UT8y1vuXutXXXagOFbXE.jpg_220x220.jpg,F,False
,100,NZ,,04 Dec 2018,123467609,Color:black Ships From:China ,K*n H.,,China Post Registered Air Mail,https://gw.alicdn.com/tps/TB1CjX4LXXXXXbSXFXXXXXXXXXX-240-240.png,M,False
,100,BR,,13 Sep 2018,699823021,Color:black Ships From:China ,T***o K.,,AliExpress Standard Shipping,https://gw.alicdn.com/tps/TB1CjX4LXXXXXbSXFXXXXXXXXXX-240-240.png,M,False
,100,ca,,04 Sep 2018,,Color:black Ships From:China ,S*****n T.,,China Post Registered Air Mail,,,False
,100,US,,12 Dec 2018,890256298,Color:blue Ships From:China ,A****y E.,,China Post Registered Air Mail,,,False
,100,RU,,01 Sep 2018,,Color:blue Ships From:China ,Покупатель AliExpress,,China Post Registered Air Mail,,,True
,100,CA,,04 Sep 2018,,Color:red Ships From:China ,Покупатель AliExpress,,China Post Registered Air Mail,,,True
,100,KH,,13 Sep 2018,,Color:black Ships From:China ,Покупатель AliExpress,,China Post Registered Air Mail,,M,True
,100,CL,,25 Oct 2018,162366892,Color:red Ships From:China ,L**s D.,,AliExpress Standard Shipping,https://ae01.alicdn.com/kf/UTB8oaIbrCnEXKJk43Ubq6zLppXaG.jpg_220x220.jpg,M,False
,100,NL,,14 Sep 2018,759751408,Color:black Ships From:China ,J*****t H.,,AliExpress Standard Shipping,,,False
,100,RU,,09 Oct 2018,805607359,Color:red Ships From:China ,A********r K.,,China Post Registered Air Mail,https://ae01.alicdn.com/kf/UT8lypzXKpaXXagOFbXv.jpg_220x220.jpg,M,False
,100,ES,,15 Oct 2018,1708648405,Color:blue Ships From:China ,F*******o P.,,AliExpress Standard Shipping,https://ae01.alicdn.com/kf/UTB8guSNjCbIXKJkSaefq6yasXXaw.jpg_220x220.jpg,M,False
,100,UA,,06 Dec 2018,921405506,Color:black Ships From:China ,T***s C.,,SF eParcel,https://gw.alicdn.com/tps/TB1CjX4LXXXXXbSXFXXXXXXXXXX-240-240.png,M,False
,100,PT,,01 Oct 2018,176560894,Color:black Ships From:China ,R*i P.,,ePacket,https://ae01.alicdn.com/kf/UT8guLnX0VaXXagOFbXB.jpg_220x220.jpg,M,False
,100,ES,,10 Nov 2018,751825259,Color:black Ships From:China ,I***i M.,,AliExpress Standard Shipping,https://gw.alicdn.com/tps/TB1CjX4LXXXXXbSXFXXXXXXXXXX-240-240.png,M,False
,100,UA,,28 Nov 2018,723834955,Color:black Ships From:China ,V***m L.,,SF eParcel,https://gw.alicdn.com/tps/TB1CjX4LXXXXXbSXFXXXXXXXXXX-240-240.png,M,False
,100,ID,,19 Sep 2018,1614466087,Color:blue Ships From:China ,I**********i I.,,China Post Registered Air Mail,https://ae01.alicdn.com/kf/UTB8KaHqhf2JXKJkSanrq6y3lVXaJ.jpg_220x220.jpg,F,False
,100,ES,,08 Oct 2018,712374858,Color:blue Ships From:China ,P****a V.,,AliExpress Standard Shipping,,,False
,100,RU,,18 Oct 2018,733547782,Color:blue Ships From:China ,D****y B.,,China Post Registered Air Mail,https://ae01.alicdn.com/kf/UT8s_jiXAtaXXagOFbXB.jpg_220x220.jpg,M,False
,100,IL,,23 Dec 2018,171424805,Color:blue Ships From:China ,E**d S.,,China Post Registered Air Mail,,,False
,100,BR,,11 Dec 2018,864568316,Color:red Ships From:China ,T***o S.,,AliExpress Standard Shipping,https://ae01.alicdn.com/kf/UT8TBGdX1daXXagOFbXX.jpg_220x220.jpg,,False
,100,RU,,25 Oct 2018,1815783586,Color:red Ships From:China ,A*******r S.,,ePacket,,,False
,100,BR,,24 Oct 2018,,Color:black Ships From:China ,Покупатель AliExpress,,AliExpress Standard Shipping,,,True
,100,US,,13 Sep 2018,,Color:red Ships From:China ,Покупатель AliExpress,,China Post Registered Air Mail,,F,True
,100,BR,,15 Jan 2019,193121696,Color:red Ships From:China ,A*******e M.,,AliExpress Standard Shipping,,,False
,100,PT,,17 Dec 2018,916777183,Color:black Ships From:China ,P***o M.,,China Post Registered Air Mail,,,False
,100,BY,,25 Nov 2018,777969785,Color:black Ships From:China ,I**n N.,,China Post Registered Air Mail,https://ae01.alicdn.com/kf/UT8KWwrX20XXXagOFbXL.jpg_220x220.jpg,M,False
,100,BY,,17 Sep 2018,1709636754,Color:blue Ships From:China ,A**x M.,,China Post Registered Air Mail,,,False
,100,CZ,,18 Jan 2019,,Color:black Ships From:China ,Покупатель AliExpress,,China Post Registered Air Mail,,F,True
,100,BR,,25 Sep 2018,170758900,Color:blue Ships From:China ,A**s W.,,AliExpress Standard Shipping,,,False
,100,RU,,04 Sep 2018,857591308,Color:red Ships From:China ,V**d B.,,China Post Registered Air Mail,,,False
,100,RU,,24 Dec 2018,128698728,Color:red Ships From:China ,S****y V.,,China Post Registered Air Mail,,,False
,100,BR,,19 Dec 2018,722254938,Color:black Ships From:China ,M*****e F.,,AliExpress Standard Shipping,https://gw.alicdn.com/tps/TB1zA01LXXXXXc0XFXXXXXXXXXX-240-240.png,F,False
,100,BY,,20 Sep 2018,174355185,Color:black Ships From:China ,K****l S.,,China Post Registered Air Mail,https://gw.alicdn.com/tps/TB1CjX4LXXXXXbSXFXXXXXXXXXX-240-240.png,M,False
,100,CA,,15 Dec 2018,160241293,Color:red Ships From:China ,G***y N.,,China Post Registered Air Mail,https://ae01.alicdn.com/kf/UT8.WzhXJlXXXagOFbXX.jpg_220x220.jpg,M,False
,100,PT,,15 Nov 2018,,Color:black Ships From:China ,Покупатель AliExpress,,China Post Registered Air Mail,,,True
,100,CZ,,19 Dec 2018,1663016689,Color:blue Ships From:China ,P**r P.,,China Post Registered Air Mail,https://ae01.alicdn.com/kf/UTB8Z9WUeTzIXKJkSafVq6yWgXXav.jpg_220x220.jpg,,False
,100,PT,,23 Oct 2018,860577288,Color:blue Ships From:China ,B**l L.,,China Post Registered Air Mail,https://ae01.alicdn.com/kf/UTB8r160qFfFXKJk43Otq6xIPFXaG.jpg_220x220.jpg,,False
,100,OM,,07 Oct 2018,934289683,Color:black Ships From:China ,S**i A.,,AliExpress Standard Shipping,https://ae01.alicdn.com/kf/UTB8JqgThYPJXKJkSafSq6yqUXXa0.jpg_220x220.jpg,M,False
,100,BG,,22 Nov 2018,1664629368,Color:black Ships From:China ,F******k M.,,AliExpress Standard Shipping,https://ae01.alicdn.com/kf/UTB8jVqHpgQydeJk43PUq6AyQpXas.jpg_220x220.jpg,,False
,100,FR,,20 Sep 2018,911696508,Color:red Ships From:China ,F****k D.,,AliExpress Standard Shipping,https://ae01.alicdn.com/kf/UTB8Sn0hXVPJXKJkSahVq6xyzFXap.jpg_220x220.jpg,M,False
,100,PL,,04 Nov 2018,740040733,Color:black Ships From:China ,I*****a W.,,SF eParcel,https://gw.alicdn.com/tps/TB1zA01LXXXXXc0XFXXXXXXXXXX-240-240.png,F,False
,100,UY,,08 Nov 2018,915190006,Color:red Ships From:China ,G****e S.,,China Post Registered Air Mail,https://ae01.alicdn.com/kf/UTB8oCAxHiaMiuJk43PTq6ySmXXa3.jpg_220x220.jpg,,False
,100,BY,,27 Aug 2018,850992490,Color:red Ships From:China ,A**a K.,,China Post Registered Air Mail,https://gw.alicdn.com/tps/TB1zA01LXXXXXc0XFXXXXXXXXXX-240-240.png,F,False
,100,GE,,08 Sep 2018,,Color:black Ships From:China ,Покупатель AliExpress,,AliExpress Standard Shipping,,,True
,100,LV,,26 Sep 2018,196777614,Color:blue Ships From:China ,V****s M.,,China Post Registered Air Mail,https://ae01.alicdn.com/kf/UT8JLTDXB0aXXagOFbXB.jpg_220x220.jpg,M,False
,100,ES,,11 Oct 2018,,Color:blue Ships From:China ,Покупатель AliExpress,,AliExpress Standard Shipping,,M,True
,100,CA,,07 Sep 2018,,Color:black Ships From:China ,Покупатель AliExpress,,China Post Registered Air Mail,,M,True
,100,RU,,02 Jan 2019,759576506,Color:red Ships From:China ,I********3 I.,,China Post Registered Air Mail,https://ae01.alicdn.com/kf/UT822YHXBJXXXagOFbXI.jpg_220x220.jpg,M,False
,100,PL,,22 Dec 2018,1706136744,Color:black Ships From:China ,J***k K.,,SF eParcel,https://ae01.alicdn.com/kf/UTB8_YGWitnJXKJkSaiyq6AhwXXaw.jpg_220x220.jpg,,False
,100,RU,,13 Oct 2018,819932904,Color:blue Ships From:China ,A****y G.,,AliExpress Standard Shipping,,,False
,100,UA,,30 Nov 2018,140544015,Color:red Ships From:China ,V*******r T.,,SF eParcel,https://ae01.alicdn.com/kf/UTB8mZB4jT_IXKJkSalUq6yBzVXa5.jpg_220x220.jpg,M,False
,100,RO,,11 Dec 2018,1877544216,Color:blue Ships From:China ,R**u A.,,AliExpress Standard Shipping,,,False
,100,CL,,07 Nov 2018,,Color:blue Ships From:China ,Покупатель AliExpress,,AliExpress Standard Shipping,,,True
,100,BE,,20 Nov 2018,1847078675,Color:blue Ships From:China ,T*m B.,,China Post Registered Air Mail,,,False
,100,GR,,20 Oct 2018,1843844582,Color:black Ships From:China ,F******k U.,,China Post Registered Air Mail,https://ae01.alicdn.com/kf/UTB8KP3PDyDEXKJk43Oqq6Az3XXaC.jpg_220x220.jpg,,False
,100,OM,,05 Nov 2018,919583678,Color:blue Ships From:China ,A********f A.,,AliExpress Standard Shipping,https://gw.alicdn.com/tps/TB1CjX4LXXXXXbSXFXXXXXXXXXX-240-240.png,M,False
,100,CA,,06 Oct 2018,796565041,Color:black Ships From:China ,S******e V.,,ePacket,,,False
,100,ID,,05 Jan 2019,117218537,Color:blue Ships From:China ,S******o L.,,China Post Registered Air Mail,https://gw.alicdn.com/tps/TB1CjX4LXXXXXbSXFXXXXXXXXXX-240-240.png,M,False
,100,ZA,,19 Jan 2019,726794836,Color:red Ships From:China ,Jp B.,,China Post Registered Air Mail,,,False
,100,SA,,26 Sep 2018,754811690,Color:black Ships From:China ,M*****d A.,,Aliexpress Direct,https://ae01.alicdn.com/kf/UT823GDXAxXXXagOFbXB.jpg_220x220.jpg,M,False
,100,RU,,23 Sep 2018,,Color:blue Ships From:China ,Покупатель AliExpress,,China Post Registered Air Mail,,,True
,100,RU,,07 Oct 2018,,Color:black Ships From:China ,Покупатель AliExpress,,China Post Registered Air Mail,,,True
,100,CL,,24 Oct 2018,,Color:black Ships From:China ,Покупатель AliExpress,,AliExpress Standard Shipping,,M,True
,100,RU,,07 Nov 2018,187601532,Color:black Ships From:China ,N*****i N.,,China Post Registered Air Mail,,,False
,100,BO,,07 Dec 2018,1853949038,Color:blue Ships From:China ,G****e U.,,AliExpress Standard Shipping,https://gw.alicdn.com/tps/TB1zA01LXXXXXc0XFXXXXXXXXXX-240-240.png,F,False
,100,MX,,09 Jan 2019,,Color:blue Ships From:China ,Покупатель AliExpress,,China Post Registered Air Mail,,,True
,100,PL,,15 Sep 2018,840002677,Color:blue Ships From:China ,D*****k S.,,SF eParcel,https://gw.alicdn.com/tps/TB1CjX4LXXXXXbSXFXXXXXXXXXX-240-240.png,M,False
,100,SA,,20 Dec 2018,1858965896,Color:blue Ships From:China ,F***d A.,,Aliexpress Direct,https://ae01.alicdn.com/kf/UTB8FV4dFNHEXKJk43Jeq6yeeXXaX.jpg_220x220.jpg,M,False
,100,AR,,04 Oct 2018,1741125098,Color:black Ships From:China ,C******n B.,,China Post Registered Air Mail,https://ae01.alicdn.com/kf/UTB8EKBDvOaMiuJk43PTq6ySmXXaS.jpg_220x220.jpg,,False
,100,UY,,16 Nov 2018,857985527,Color:red Ships From:China ,R*****o G.,,AliExpress Standard Shipping,https://ae01.alicdn.com/kf/UT8Y2k.XHpXXXagOFbXy.jpg_220x220.jpg,M,False
,100,BR,,28 Dec 2018,757465298,Color:blue Ships From:China ,C******s P.,,ePacket,https://ae01.alicdn.com/kf/UTB8qwCIjYnJXKJkSahGq6xhzFXad.jpg_220x220.jpg,M,False
,100,LK,,01 Jan 2019,1777110892,Color:red Ships From:China ,F******k U.,,AliExpress Standard Shipping,https://ae01.alicdn.com/kf/UTB8NZvgjHnJXKJkSahGq6xhzFXad.jpg_220x220.jpg,,False
,100,RU,,15 Oct 2018,1719460868,Color:blue Ships From:China ,D*****y D.,,AliExpress Standard Shipping,,,False
,100,US,,01 Oct 2018,732039588,Color:blue Ships From:China ,A**m F.,,ePacket,,,False
,100,AR,,17 Oct 2018,1690857988,Color:black Ships From:China ,Ar J.,,China Post Registered Air Mail,https://ae01.alicdn.com/kf/UTB8yhKtgFPJXKJkSahVq6xyzFXat.jpg_220x220.jpg,F,False
,100,UA,,06 Dec 2018,,Color:black Ships From:China ,Покупатель AliExpress,,SF eParcel,,,True
,100,FR,,03 Jan 2019,1883727566,Color:blue Ships From:China ,S**n G.,,AliExpress Standard Shipping,,,False
,100,BR,,21 Nov 2018,732367036,Color:black Ships From:China ,B***e O.,,ePacket,https://ae01.alicdn.com/kf/UTB8rXIahgnJXKJkSaelq6xUzXXa5.jpg_220x220.jpg,,False
,100,FR,,03 Sep 2018,740054574,Color:blue Ships From:China ,R****t C.,,AliExpress Standard Shipping,https://gw.alicdn.com/tps/TB1CjX4LXXXXXbSXFXXXXXXXXXX-240-240.png,M,False
,100,BY,,24 Jan 2019,1902147978,Color:blue Ships From:China ,S*****i B.,,China Post Registered Air Mail,,,False
,100,CO,,10 Dec 2018,185895784,Color:black Ships From:China ,E****d A.,,AliExpress Standard Shipping,https://ae01.alicdn.com/kf/UTB846sSldnJXKJkSaiyq6AhwXXar.jpg_220x220.jpg,M,False
,100,ES,,23 Sep 2018,1835493022,Color:black Ships From:China ,M****l J.,,AliExpress Standard Shipping,,,False
,100,BR,,05 Nov 2018,142877396,Color:blue Ships From:China ,R****l V.,,ePacket,https://gw.alicdn.com/tps/TB1CjX4LXXXXXbSXFXXXXXXXXXX-240-240.png,M,False
,80,IT,,19 Feb 2019,779149188,Color:blue Ships From:China ,S***a U.,,China Post Registered Air Mail,https://gw.alicdn.com/tps/TB1CjX4LXXXXXbSXFXXXXXXXXXX-240-240.png,M,False
,80,OM,,08 Feb 2019,896805478,Color:red Ships From:China ,G****e A.,,AliExpress Standard Shipping,https://ae01.alicdn.com/kf/UTB8jN2gXjrEXKJk43Owq6zubXXaU.jpg_220x220.jpg,,False
,80,IL,,19 Feb 2019,782206995,Color:blue Ships From:China ,N*r G.,,China Post Registered Air Mail,https://ae01.alicdn.com/kf/UTB8e6CCDxHEXKJk43Jeq6yeeXXa0.jpg_220x220.jpg,,False
,80,GE,,14 Feb 2019,700017434,Color:black Ships From:China ,O**r S.,,AliExpress Standard Shipping,https://ae01.alicdn.com/kf/HTB1waseJpXXXXclXpXXq6xXFXXXt.jpg_220x220.jpg,M,False
,80,BR,,25 Sep 2018,141515505,Color:red Ships From:China ,R****l S.,,AliExpress Standard Shipping,https://ae01.alicdn.com/kf/UT8V4uGXtRaXXagOFbXa.jpg_220x220.jpg,M,False
,80,PT,,04 Sep 2018,170401620,Color:black Ships From:China ,P***o M.,,China Post Registered Air Mail,https://ae01.alicdn.com/kf/UTB84.VLgMQydeJk43PUq6AyQpXah.jpg_220x220.jpg,M,False
,80,ES,,07 Feb 2019,1874389982,Color:blue Ships From:China ,N***a D.,,AliExpress Standard Shipping,https://ae01.alicdn.com/kf/UTB8ZAb9nv2JXKJkSanrq6y3lVXa1.jpg_220x220.jpg,,False
,80,DE,,11 Dec 2018,757699052,Color:black Ships From:China ,A*****w D.,,China Post Registered Air Mail,https://ae01.alicdn.com/kf/UT81ZAhXupaXXagOFbXq.jpg_220x220.jpg,M,False
,80,ES,,26 Sep 2018,1714884084,Color:blue Ships From:China ,J*************p J.,,AliExpress Standard Shipping,https://ae01.alicdn.com/kf/UTB8djbNh9bIXKJkSaefq6yasXXaI.jpg_220x220.jpg,,False
,80,MX,,08 Jan 2019,1656932492,Color:black Ships From:China ,L*****o J.,,China Post Registered Air Mail,,,False
,80,CL,,20 Sep 2018,,Color:blue Ships From:China ,Покупатель AliExpress,,AliExpress Standard Shipping,,,True
,80,FR,,15 Sep 2018,,Color:blue Ships From:China ,Покупатель AliExpress,,AliExpress Standard Shipping,,,True
,80,CO,,01 Sep 2018,807301388,Color:red Ships From:China ,R*****o B.,,AliExpress Standard Shipping,https://gw.alicdn.com/tps/TB1CjX4LXXXXXbSXFXXXXXXXXXX-240-240.png,M,False
,80,PT,,18 Dec 2018,1706203927,Color:black Ships From:China ,A*****************a A.,,AliExpress Standard Shipping,https://gw.alicdn.com/tps/TB1CjX4LXXXXXbSXFXXXXXXXXXX-240-240.png,M,False
,80,TH,,22 Nov 2018,,Color:black Ships From:China ,Покупатель AliExpress,,ePacket,,,True
,80,UA,,07 Dec 2018,172860544,Color:black Ships From:China ,A*******r Z.,,China Post Registered Air Mail,https://ae01.alicdn.com/kf/UTB8SUTScCnEXKJk43Ubq6zLppXag.jpg_220x220.jpg,M,False
,80,BY,,16 Dec 2018,,Color:blue Ships From:China ,Покупатель AliExpress,,China Post Registered Air Mail,,,True
,80,RO,,04 Sep 2018,,Color:red Ships From:China ,Покупатель AliExpress,,AliExpress Standard Shipping,,,True
,80,US,,14 Dec 2018,198368314,Color:black Ships From:China ,J**n M.,,ePacket,,,False
,80,KR,,11 Dec 2018,,Color:black Ships From:China ,Покупатель AliExpress,,China Post Registered Air Mail,,,True
,80,IT,,28 Dec 2018,,Color:black Ships From:China ,Покупатель AliExpress,,China Post Registered Air Mail,,,True
,80,RU,,18 Dec 2018,1644505817,Color:blue Ships From:China ,R****n S.,,Posti Finland,https://gw.alicdn.com/tps/TB1CjX4LXXXXXbSXFXXXXXXXXXX-240-240.png,M,False
,80,PL,,29 Aug 2018,,Color:black Ships From:China ,Покупатель AliExpress,,SF eParcel,,,True
,80,BR,,29 Oct 2018,1823782068,Color:black Ships From:China ,A**************s A.,,AliExpress Standard Shipping,,,False
,80,ES,,26 Nov 2018,,Color:black Ships From:China ,Покупатель AliExpress,,AliExpress Standard Shipping,,,True
,80,RU,,05 Dec 2018,1678169480,Color:blue Ships From:China ,C******v C.,,China Post Registered Air Mail,,,False
,80,RE,,21 Sep 2018,1814020921,Color:black Ships From:China ,J*********k A.,,AliExpress Standard Shipping,https://gw.alicdn.com/tps/TB1CjX4LXXXXXbSXFXXXXXXXXXX-240-240.png,M,False
,80,BR,,19 Dec 2018,,Color:blue Ships From:China ,Покупатель AliExpress,,AliExpress Standard Shipping,,,True
,80,BR,,06 Sep 2018,1705113885,Color:blue Ships From:China ,Y**s M.,,ePacket,,,False
Спасибо очки пришли.,100,RU,,21 Jan 2019,1815767359,Color:black Ships From:China ,E***a S.,,Posti Finland,https://ae01.alicdn.com/kf/UTB8iZUMBJoSdeJk43Owq6ya4XXag.jpg_220x220.jpg,,False
"Thank you, super,super.",100,CZ,,02 Nov 2018,1651078981,Color:black Ships From:China ,M****l N.,,China Post Registered Air Mail,,,False
Prácticas,100,CO,,03 Nov 2018,914509484,Color:black Ships From:China ,J**n S.,,AliExpress Standard Shipping,https://ae01.alicdn.com/kf/UTB8EnGLtFfFXKJk43Otq6xIPFXaf.jpg_220x220.jpg,M,False
норм очки,100,KZ,,12 Nov 2018,767394543,Color:red Ships From:China ,S****y P.,,China Post Registered Air Mail,https://ae01.alicdn.com/kf/UT8fDHaXtFaXXagOFbXu.jpg_220x220.jpg,M,False
Всё отлично!!!!!!,100,RU,,12 Dec 2018,168584495,Color:black Ships From:China ,V******y V.,,Posti Finland,https://ae01.alicdn.com/kf/UTB8zBE8oHnJXKJkSahGq6xhzFXah.jpg_220x220.jpg,,False
"Igual a la descripción. 
Un poco apretados en la zona de las orejas.
",100,CL,,29 Nov 2018,,Color:blue Ships From:China ,Покупатель AliExpress,,AliExpress Standard Shipping,,,True
супер,100,KZ,https://ae01.alicdn.com/kf/UTB8E_jtjD_IXKJkSalUq6yBzVXaO.jpg_220x220.jpg,28 Sep 2018,767394543,Color:black Ships From:China ,S****y P.,https://ae01.alicdn.com/kf/UTB8E_jtjD_IXKJkSalUq6yBzVXaO.jpg,China Post Registered Air Mail,https://ae01.alicdn.com/kf/UT8fDHaXtFaXXagOFbXu.jpg_220x220.jpg,M,False
Muy bueno,100,CO,https://ae01.alicdn.com/kf/UTB8DcG4kJnJXKJkSaiyq6AhwXXaR.jpg_220x220.jpg,03 Nov 2018,914509484,Color:red Ships From:China ,J**n S.,https://ae01.alicdn.com/kf/UTB8DcG4kJnJXKJkSaiyq6AhwXXaR.jpg,AliExpress Standard Shipping,https://ae01.alicdn.com/kf/UTB8EnGLtFfFXKJk43Otq6xIPFXaf.jpg_220x220.jpg,M,False
"Всё отлично, продавец супер!!!! Товаром довольна!!! Ещё  Будем  заказывать",100,RU,https://ae01.alicdn.com/kf/UTB8BKYqEiaMiuJk43PTq6ySmXXaB.jpg_220x220.jpg,14 Nov 2018,168584495,Color:blue Ships From:China ,V******y V.,https://ae01.alicdn.com/kf/UTB8BKYqEiaMiuJk43PTq6ySmXXaB.jpg,China Post Registered Air Mail,https://ae01.alicdn.com/kf/UTB8zBE8oHnJXKJkSahGq6xhzFXah.jpg_220x220.jpg,,False
thank you ,100,KW,https://ae01.alicdn.com/kf/UTB8S0gRoevJXKJkSajhq6A7aFXac.jpg_220x220.jpg,04 Feb 2019,706398068,Color:black Ships From:China ,S***h A.,https://ae01.alicdn.com/kf/UTB8S0gRoevJXKJkSajhq6A7aFXac.jpg,AliExpress Standard Shipping,https://ae01.alicdn.com/kf/UTB8iRYsDGrFXKJk43Ovq6ybnpXaH.jpg_220x220.jpg,M,False
"O produto chegou bem rápido, mas fiquei descontente quando vi que das 5 lentes, apenas uma era polarizada.",40,BR,,25 Dec 2018,1815476356,Color:black Ships From:China ,N*****n A.,,AliExpress Standard Shipping,,,False
never arrived,40,US,,10 Oct 2018,818829604,Color:black Ships From:China ,J****r R.,,AliExpress Standard Shipping,https://ae01.alicdn.com/kf/UTB8RRDXXn_IXKJkSalUq6yBzVXak.jpg_220x220.jpg,,False
,100,CL,,09 Feb 2019,809495963,Color:black Ships From:China ,C****s A.,,AliExpress Standard Shipping,https://ae01.alicdn.com/kf/UTB8n2sisGrFXKJk43Ovq6ybnpXaY.jpg_220x220.jpg,M,False
,100,PT,,10 Nov 2018,1677029233,Color:blue Ships From:China ,M****l L.,,China Post Registered Air Mail,,,False
,100,BR,,25 Jan 2019,838079791,Color:blue Ships From:China ,J**e S.,,ePacket,https://gw.alicdn.com/tps/TB1CjX4LXXXXXbSXFXXXXXXXXXX-240-240.png,M,False
,100,CL,,09 Feb 2019,809495963,Color:blue Ships From:China ,C****s A.,,AliExpress Standard Shipping,https://ae01.alicdn.com/kf/UTB8n2sisGrFXKJk43Ovq6ybnpXaY.jpg_220x220.jpg,M,False
,100,CL,,28 Nov 2018,1625060497,Color:black Ships From:China ,L*******************o L.,,AliExpress Standard Shipping,,,False
,100,BR,,15 Jan 2019,180404451,Color:black Ships From:China ,D****n S.,,AliExpress Standard Shipping,https://ae01.alicdn.com/kf/UTB8HKV7u0oSdeJk43Owq6ya4XXax.jpg_220x220.jpg,M,False
,100,AR,,20 Nov 2018,121832422,Color:black Ships From:China ,M*********o P.,,China Post Registered Air Mail,https://ae01.alicdn.com/kf/HTB1FA.sJpXXXXcYXpXXq6xXFXXXj.jpg_220x220.jpg,M,False
,100,BR,,10 Oct 2018,851780989,Color:black Ships From:China ,E*****o S.,,AliExpress Standard Shipping,https://ae01.alicdn.com/kf/UT8JqIPXT0XXXagOFbXu.jpg_220x220.jpg,,False
,100,CL,,29 Nov 2018,1625060497,Color:blue Ships From:China ,L*******************o L.,,AliExpress Standard Shipping,,,False
,100,AU,,13 Feb 2019,,Color:black Ships From:China ,Покупатель AliExpress,,China Post Registered Air Mail,,,True
,100,ID,,19 Sep 2018,1614466087,Color:black Ships From:China ,I**********i I.,,China Post Registered Air Mail,https://ae01.alicdn.com/kf/UTB8KaHqhf2JXKJkSanrq6y3lVXaJ.jpg_220x220.jpg,F,False
,100,us,,26 Dec 2018,844982052,Color:black Ships From:China ,J**n F.,,AliExpress Standard Shipping,https://ae01.alicdn.com/kf/UTB8fqTkio_4iuJk43Fqq6z.FpXaa.jpg_220x220.jpg,,False
,100,LV,,23 Oct 2018,758818399,Color:black Ships From:China ,M***s K.,,AliExpress Standard Shipping,https://ae01.alicdn.com/kf/UT8_sxqXQXaXXagOFbX7.jpg_220x220.jpg,M,False
,100,ID,,05 Jan 2019,117218537,Color:black Ships From:China ,S******o L.,,China Post Registered Air Mail,https://gw.alicdn.com/tps/TB1CjX4LXXXXXbSXFXXXXXXXXXX-240-240.png,M,False
,100,UA,,06 Dec 2018,764142300,Color:black Ships From:China ,O****a P.,,SF eParcel,https://gw.alicdn.com/tps/TB1zA01LXXXXXc0XFXXXXXXXXXX-240-240.png,F,False
,100,RU,,17 Dec 2018,,Color:black Ships From:China ,Покупатель AliExpress,,China Post Registered Air Mail,,,True
,100,BR,,15 Jan 2019,180404451,Color:red Ships From:China ,D****n S.,,AliExpress Standard Shipping,https://ae01.alicdn.com/kf/UTB8HKV7u0oSdeJk43Owq6ya4XXax.jpg_220x220.jpg,M,False
,100,UA,,24 Dec 2018,764142300,Color:blue Ships From:China ,O****a P.,,SF eParcel,https://gw.alicdn.com/tps/TB1zA01LXXXXXc0XFXXXXXXXXXX-240-240.png,F,False
,100,CL,https://ae01.alicdn.com/kf/UTB8IdFQmFPJXKJkSahVq6xyzFXad.jpg_220x220.jpg,26 Dec 2018,809495963,Color:black Ships From:China ,C****s A.,https://ae01.alicdn.com/kf/UTB8IdFQmFPJXKJkSahVq6xyzFXad.jpg,AliExpress Standard Shipping,https://ae01.alicdn.com/kf/UTB8n2sisGrFXKJk43Ovq6ybnpXaY.jpg_220x220.jpg,M,False
,100,TR,,08 Oct 2018,748492758,Color:black Ships From:China ,A***n I.,,China Post Registered Air Mail,https://gw.alicdn.com/tps/TB1CjX4LXXXXXbSXFXXXXXXXXXX-240-240.png,M,False
,100,ES,,10 Oct 2018,173795515,Color:black Ships From:China ,J*n L.,,AliExpress Standard Shipping,https://ae01.alicdn.com/kf/UT8rpaJXsRbXXagOFbXm.jpg_220x220.jpg,M,False
,100,CO,,28 Aug 2018,842616294,Color:red Ships From:China ,F****n G.,,AliExpress Standard Shipping,https://ae01.alicdn.com/kf/UT8dwrEXNFaXXagOFbX7.jpg_220x220.jpg,,False
,100,BR,,07 Nov 2018,851780989,Color:blue Ships From:China ,E*****o S.,,AliExpress Standard Shipping,https://ae01.alicdn.com/kf/UT8JqIPXT0XXXagOFbXu.jpg_220x220.jpg,,False
,100,PE,,14 Dec 2018,1615911598,Color:blue Ships From:China ,L**s B.,,China Post Registered Air Mail,https://gw.alicdn.com/tps/TB1CjX4LXXXXXbSXFXXXXXXXXXX-240-240.png,M,False
,100,TR,,08 Oct 2018,748492758,Color:blue Ships From:China ,A***n I.,,China Post Registered Air Mail,https://gw.alicdn.com/tps/TB1CjX4LXXXXXbSXFXXXXXXXXXX-240-240.png,M,False
,100,BR,,09 Oct 2018,851780989,Color:blue Ships From:China ,E*****o S.,,AliExpress Standard Shipping,https://ae01.alicdn.com/kf/UT8JqIPXT0XXXagOFbXu.jpg_220x220.jpg,,False
,100,PL,,26 Sep 2018,1706136744,Color:blue Ships From:China ,J***k K.,,SF eParcel,https://ae01.alicdn.com/kf/UTB8_YGWitnJXKJkSaiyq6AhwXXaw.jpg_220x220.jpg,,False
,100,CL,,07 Nov 2018,1625060497,Color:red Ships From:China ,L*******************o L.,,AliExpress Standard Shipping,,,False
,100,PL,,19 Oct 2018,,Color:red Ships From:China ,Покупатель AliExpress,,AliExpress Standard Shipping,,M,True
,100,CO,,06 Oct 2018,822580910,Color:red Ships From:China ,R***n B.,,AliExpress Standard Shipping,https://ae01.alicdn.com/kf/UT8lV7UXMdXXXagOFbX4.jpg_220x220.jpg,M,False
,100,BR,,10 Oct 2018,851780989,Color:red Ships From:China ,E*****o S.,,AliExpress Standard Shipping,https://ae01.alicdn.com/kf/UT8JqIPXT0XXXagOFbXu.jpg_220x220.jpg,,False
,100,ID,,05 Jan 2019,117218537,Color:red Ships From:China ,S******o L.,,China Post Registered Air Mail,https://gw.alicdn.com/tps/TB1CjX4LXXXXXbSXFXXXXXXXXXX-240-240.png,M,False
,100,UA,,24 Dec 2018,764142300,Color:black Ships From:China ,O****a P.,,SF eParcel,https://gw.alicdn.com/tps/TB1zA01LXXXXXc0XFXXXXXXXXXX-240-240.png,F,False
,100,ES,,10 Oct 2018,173795515,Color:red Ships From:China ,J*n L.,,AliExpress Standard Shipping,https://ae01.alicdn.com/kf/UT8rpaJXsRbXXagOFbXm.jpg_220x220.jpg,M,False
,100,BR,,15 Jan 2019,193121696,Color:black Ships From:China ,A*******e M.,,AliExpress Standard Shipping,,,False
,100,TR,,31 Jan 2019,924112000,Color:blue Ships From:China ,U**t I.,,China Post Registered Air Mail,https://ae01.alicdn.com/kf/UTB8Q9JRt5aMiuJk43PTq6ySmXXaN.jpg_220x220.jpg,M,False
,100,us,,26 Dec 2018,844982052,Color:blue Ships From:China ,J**n F.,,AliExpress Standard Shipping,https://ae01.alicdn.com/kf/UTB8fqTkio_4iuJk43Fqq6z.FpXaa.jpg_220x220.jpg,,False
,100,FR,,20 Sep 2018,911696508,Color:black Ships From:China ,F****k D.,,AliExpress Standard Shipping,https://ae01.alicdn.com/kf/UTB8Sn0hXVPJXKJkSahVq6xyzFXap.jpg_220x220.jpg,M,False
,100,PE,,05 Jan 2019,1771894845,Color:black Ships From:China ,M*******a T.,,AliExpress Standard Shipping,https://gw.alicdn.com/tps/TB1zA01LXXXXXc0XFXXXXXXXXXX-240-240.png,F,False
,100,CL,,12 Jan 2019,809495963,Color:black Ships From:China ,C****s A.,,AliExpress Standard Shipping,https://ae01.alicdn.com/kf/UTB8n2sisGrFXKJk43Ovq6ybnpXaY.jpg_220x220.jpg,M,False
,100,BR,,09 Jan 2019,182503303,Color:black Ships From:China ,E***k A.,,AliExpress Standard Shipping,https://ae01.alicdn.com/kf/UT8Z3MtXz0aXXagOFbXD.jpg_220x220.jpg,M,False
,100,CL,,09 Feb 2019,809495963,Color:red Ships From:China ,C****s A.,,AliExpress Standard Shipping,https://ae01.alicdn.com/kf/UTB8n2sisGrFXKJk43Ovq6ybnpXaY.jpg_220x220.jpg,M,False
,80,BR,,04 Dec 2018,851780989,Color:blue Ships From:China ,E*****o S.,,AliExpress Standard Shipping,https://ae01.alicdn.com/kf/UT8JqIPXT0XXXagOFbXu.jpg_220x220.jpg,,False
,80,CL,,20 Sep 2018,,Color:red Ships From:China ,Покупатель AliExpress,,AliExpress Standard Shipping,,,True
